usuario_id,data,cashback_aplicado,quantidade_compras,valor_compra,valor_cashback,resultado_meliuz
U009,2024-06-01,1.5,1,110.24,1.65,3.86
U022,2024-06-01,1.5,2,554.9,8.32,19.43
U025,2024-06-01,1.5,2,77.61,1.16,2.72
U038,2024-06-01,1.5,1,439.97,6.6,15.4
U042,2024-06-01,1.5,1,508.07,7.62,17.78
U044,2024-06-01,1.5,1,357.77,5.37,12.52
U044,2024-06-01,1.5,1,294.72,4.42,10.32
U046,2024-06-01,1.5,1,477.42,7.16,16.71
U046,2024-06-01,1.5,1,219.72,3.3,7.69
U056,2024-06-01,1.5,1,71.16,1.07,2.49
U061,2024-06-01,1.5,2,572.68,8.59,20.04
U075,2024-06-01,1.5,2,536.39,8.05,18.77
U086,2024-06-01,1.5,1,547.72,8.22,19.17
U090,2024-06-01,1.5,1,517.83,7.77,18.12
U091,2024-06-01,1.5,2,572.2,8.58,20.03
U094,2024-06-01,1.5,1,310.05,4.65,10.85
U105,2024-06-01,2.0,2,350.75,7.02,10.52
U123,2024-06-01,2.0,1,544.04,10.88,16.32
U125,2024-06-01,2.0,1,268.1,5.36,8.05
U130,2024-06-01,2.0,1,90.72,1.81,2.73
U134,2024-06-01,2.0,1,528.88,10.58,15.86
U169,2024-06-01,2.0,1,214.47,4.29,6.43
U171,2024-06-01,2.0,1,507.26,10.15,15.21
U177,2024-06-01,2.0,1,407.61,8.15,12.23
U187,2024-06-01,2.0,1,474.34,9.49,14.23
U201,2024-06-01,2.5,1,290.01,7.25,7.25
U226,2024-06-01,2.5,1,239.72,5.99,6.0
U227,2024-06-01,2.5,1,249.04,6.23,6.22
U235,2024-06-01,2.5,1,126.26,3.16,3.15
U235,2024-06-01,2.5,2,304.27,7.61,7.6
U265,2024-06-01,2.5,1,23.25,0.58,0.58
U279,2024-06-01,2.5,1,260.95,6.52,6.53
U295,2024-06-01,2.5,1,85.8,2.15,2.14
U003,2024-06-02,1.5,1,492.76,7.39,17.25
U014,2024-06-02,1.5,2,120.32,1.8,4.22
U034,2024-06-02,1.5,1,332.73,4.99,11.65
U047,2024-06-02,1.5,2,486.89,7.3,17.04
U050,2024-06-02,1.5,1,313.96,4.71,10.99
U059,2024-06-02,1.5,1,79.34,1.19,2.78
U082,2024-06-02,1.5,1,375.42,5.63,13.14
U111,2024-06-02,2.0,1,443.55,8.87,13.31
U114,2024-06-02,2.0,1,481.01,9.62,14.43
U115,2024-06-02,2.0,1,539.47,10.79,16.18
U123,2024-06-02,2.0,1,357.79,7.16,10.73
U129,2024-06-02,2.0,1,207.73,4.15,6.24
U157,2024-06-02,2.0,1,414.52,8.29,12.44
U162,2024-06-02,2.0,1,341.74,6.83,10.26
U171,2024-06-02,2.0,1,435.4,8.71,13.06
U202,2024-06-02,2.5,1,159.1,3.98,3.98
U212,2024-06-02,2.5,1,202.81,5.07,5.07
U265,2024-06-02,2.5,1,160.98,4.02,4.03
U271,2024-06-02,2.5,1,164.63,4.12,4.11
U272,2024-06-02,2.5,2,164.1,4.1,4.11
U274,2024-06-02,2.5,1,296.15,7.4,7.41
U024,2024-06-03,1.5,1,178.83,2.68,6.26
U060,2024-06-03,1.5,1,323.49,4.85,11.32
U061,2024-06-03,1.5,1,81.63,1.22,2.86
U061,2024-06-03,1.5,2,375.41,5.63,13.14
U067,2024-06-03,1.5,2,474.02,7.11,16.59
U075,2024-06-03,1.5,1,332.86,4.99,11.65
U085,2024-06-03,1.5,1,392.0,5.88,13.72
U112,2024-06-03,2.0,1,214.93,4.3,6.45
U172,2024-06-03,2.0,1,491.2,9.82,14.74
U175,2024-06-03,2.0,1,363.5,7.27,10.91
U195,2024-06-03,2.0,1,109.34,2.19,3.28
U210,2024-06-03,2.5,1,32.65,0.82,0.81
U220,2024-06-03,2.5,1,139.74,3.49,3.5
U224,2024-06-03,2.5,1,204.51,5.11,5.12
U234,2024-06-03,2.5,1,145.11,3.63,3.63
U242,2024-06-03,2.5,2,24.48,0.61,0.61
U047,2024-06-04,1.5,1,523.3,7.85,18.31
U050,2024-06-04,1.5,1,95.39,1.43,3.34
U050,2024-06-04,1.5,1,52.82,0.79,1.85
U056,2024-06-04,1.5,1,542.11,8.13,18.98
U063,2024-06-04,1.5,1,488.67,7.33,17.1
U066,2024-06-04,1.5,1,510.02,7.65,17.85
U066,2024-06-04,1.5,2,180.42,2.71,6.31
U088,2024-06-04,1.5,2,519.3,7.79,18.18
U122,2024-06-04,2.0,1,126.64,2.53,3.8
U137,2024-06-04,2.0,1,349.07,6.98,10.47
U139,2024-06-04,2.0,2,227.29,4.55,6.81
U148,2024-06-04,2.0,1,254.34,5.09,7.63
U148,2024-06-04,2.0,1,372.1,7.44,11.16
U149,2024-06-04,2.0,1,216.23,4.32,6.49
U184,2024-06-04,2.0,1,415.4,8.31,12.46
U206,2024-06-04,2.5,2,122.67,3.07,3.06
U234,2024-06-04,2.5,1,28.17,0.7,0.71
U240,2024-06-04,2.5,1,170.05,4.25,4.25
U259,2024-06-04,2.5,2,328.75,8.22,8.22
U274,2024-06-04,2.5,1,132.64,3.32,3.31
U288,2024-06-04,2.5,1,209.67,5.24,5.24
U291,2024-06-04,2.5,2,291.91,7.3,7.3
U300,2024-06-04,2.5,1,151.77,3.79,3.8
U010,2024-06-05,1.5,1,157.27,2.36,5.5
U014,2024-06-05,1.5,1,323.99,4.86,11.34
U028,2024-06-05,1.5,1,298.47,4.48,10.44
U035,2024-06-05,1.5,1,483.55,7.25,16.93
U036,2024-06-05,1.5,1,192.42,2.89,6.73
U037,2024-06-05,1.5,1,453.62,6.8,15.88
U065,2024-06-05,1.5,1,208.66,3.13,7.3
U066,2024-06-05,1.5,1,262.87,3.94,9.2
U069,2024-06-05,1.5,1,154.19,2.31,5.4
U080,2024-06-05,1.5,1,116.51,1.75,4.08
U091,2024-06-05,1.5,1,60.01,0.9,2.1
U112,2024-06-05,2.0,1,520.5,10.41,15.62
U113,2024-06-05,2.0,1,531.02,10.62,15.93
U114,2024-06-05,2.0,1,232.9,4.66,6.99
U121,2024-06-05,2.0,2,515.92,10.32,15.48
U201,2024-06-05,2.5,1,224.8,5.62,5.62
U220,2024-06-05,2.5,1,319.11,7.98,7.98
U237,2024-06-05,2.5,2,78.29,1.96,1.95
U241,2024-06-05,2.5,1,233.86,5.85,5.84
U243,2024-06-05,2.5,1,310.37,7.76,7.76
U255,2024-06-05,2.5,1,27.29,0.68,0.68
U277,2024-06-05,2.5,1,256.35,6.41,6.41
U280,2024-06-05,2.5,1,148.39,3.71,3.71
U286,2024-06-05,2.5,1,107.27,2.68,2.68
U290,2024-06-05,2.5,1,58.26,1.46,1.45
U296,2024-06-05,2.5,2,192.35,4.81,4.81
U298,2024-06-05,2.5,1,264.48,6.61,6.61
U010,2024-06-06,1.5,1,157.75,2.37,5.52
U028,2024-06-06,1.5,1,429.87,6.45,15.04
U034,2024-06-06,1.5,1,90.42,1.36,3.16
U036,2024-06-06,1.5,1,290.93,4.36,10.19
U042,2024-06-06,1.5,1,503.21,7.55,17.61
U062,2024-06-06,1.5,1,337.05,5.06,11.79
U067,2024-06-06,1.5,1,200.5,3.01,7.02
U092,2024-06-06,1.5,1,117.01,1.76,4.09
U115,2024-06-06,2.0,2,163.47,3.27,4.9
U116,2024-06-06,2.0,1,190.2,3.8,5.71
U121,2024-06-06,2.0,1,439.36,8.79,13.18
U122,2024-06-06,2.0,2,244.19,4.88,7.33
U143,2024-06-06,2.0,1,497.42,9.95,14.92
U149,2024-06-06,2.0,1,487.48,9.75,14.62
U155,2024-06-06,2.0,1,216.9,4.34,6.51
U159,2024-06-06,2.0,1,491.21,9.82,14.74
U162,2024-06-06,2.0,1,138.65,2.77,4.16
U170,2024-06-06,2.0,1,161.81,3.24,4.85
U173,2024-06-06,2.0,1,177.61,3.55,5.33
U183,2024-06-06,2.0,2,341.19,6.82,10.24
U194,2024-06-06,2.0,2,105.01,2.1,3.15
U196,2024-06-06,2.0,1,229.92,4.6,6.9
U198,2024-06-06,2.0,1,172.58,3.45,5.18
U225,2024-06-06,2.5,1,192.47,4.81,4.81
U237,2024-06-06,2.5,1,92.84,2.32,2.32
U239,2024-06-06,2.5,1,77.95,1.95,1.95
U249,2024-06-06,2.5,1,19.57,0.49,0.49
U259,2024-06-06,2.5,2,337.83,8.45,8.44
U280,2024-06-06,2.5,1,44.17,1.1,1.11
U006,2024-06-07,1.5,1,570.9,8.56,19.98
U029,2024-06-07,1.5,1,218.92,3.28,7.67
U030,2024-06-07,1.5,1,325.67,4.89,11.39
U037,2024-06-07,1.5,2,195.29,2.93,6.83
U066,2024-06-07,1.5,1,503.5,7.55,17.62
U089,2024-06-07,1.5,1,243.73,3.66,8.53
U099,2024-06-07,1.5,1,382.5,5.74,13.38
U099,2024-06-07,1.5,1,411.19,6.17,14.39
U100,2024-06-07,1.5,1,504.02,7.56,17.64
U126,2024-06-07,2.0,2,549.79,11.0,16.49
U153,2024-06-07,2.0,1,221.42,4.43,6.64
U170,2024-06-07,2.0,2,547.43,10.95,16.42
U181,2024-06-07,2.0,1,480.91,9.62,14.43
U183,2024-06-07,2.0,1,219.2,4.38,6.58
U192,2024-06-07,2.0,2,471.71,9.43,14.16
U195,2024-06-07,2.0,1,380.07,7.6,11.4
U206,2024-06-07,2.5,1,195.71,4.89,4.9
U213,2024-06-07,2.5,1,263.6,6.59,6.59
U217,2024-06-07,2.5,1,336.92,8.42,8.43
U234,2024-06-07,2.5,1,265.35,6.63,6.64
U234,2024-06-07,2.5,1,136.16,3.4,3.41
U235,2024-06-07,2.5,1,280.63,7.02,7.01
U244,2024-06-07,2.5,1,182.45,4.56,4.56
U244,2024-06-07,2.5,1,188.37,4.71,4.71
U244,2024-06-07,2.5,1,141.63,3.54,3.54
U260,2024-06-07,2.5,2,52.21,1.31,1.3
U267,2024-06-07,2.5,1,347.88,8.7,8.69
U296,2024-06-07,2.5,1,346.67,8.67,8.66
U020,2024-06-08,1.5,1,78.29,1.17,2.74
U025,2024-06-08,1.5,1,481.3,7.22,16.85
U035,2024-06-08,1.5,1,449.86,6.75,15.74
U039,2024-06-08,1.5,2,128.59,1.93,4.5
U064,2024-06-08,1.5,1,249.97,3.75,8.75
U069,2024-06-08,1.5,1,77.17,1.16,2.7
U075,2024-06-08,1.5,1,206.78,3.1,7.24
U076,2024-06-08,1.5,1,228.36,3.43,7.99
U077,2024-06-08,1.5,1,285.68,4.29,9.99
U079,2024-06-08,1.5,2,117.41,1.76,4.11
U098,2024-06-08,1.5,1,288.63,4.33,10.1
U115,2024-06-08,2.0,1,331.5,6.63,9.95
U126,2024-06-08,2.0,2,238.91,4.78,7.17
U134,2024-06-08,2.0,2,324.86,6.5,9.74
U146,2024-06-08,2.0,1,313.49,6.27,9.4
U151,2024-06-08,2.0,1,168.92,3.38,5.07
U162,2024-06-08,2.0,1,430.53,8.61,12.92
U190,2024-06-08,2.0,1,321.76,6.44,9.65
U218,2024-06-08,2.5,1,179.06,4.48,4.47
U221,2024-06-08,2.5,1,195.69,4.89,4.89
U222,2024-06-08,2.5,1,23.34,0.58,0.59
U224,2024-06-08,2.5,1,12.13,0.3,0.31
U226,2024-06-08,2.5,2,300.81,7.52,7.52
U233,2024-06-08,2.5,1,332.15,8.3,8.31
U240,2024-06-08,2.5,1,19.37,0.48,0.49
U248,2024-06-08,2.5,1,85.21,2.13,2.13
U250,2024-06-08,2.5,1,304.73,7.62,7.62
U280,2024-06-08,2.5,1,95.52,2.39,2.39
U296,2024-06-08,2.5,1,220.89,5.52,5.52
U003,2024-06-09,1.5,1,196.5,2.95,6.88
U026,2024-06-09,1.5,1,337.16,5.06,11.8
U039,2024-06-09,1.5,1,135.71,2.04,4.75
U072,2024-06-09,1.5,1,64.48,0.97,2.25
U086,2024-06-09,1.5,1,526.92,7.9,18.45
U089,2024-06-09,1.5,1,449.51,6.74,15.74
U090,2024-06-09,1.5,1,398.88,5.98,13.96
U101,2024-06-09,2.0,1,145.5,2.91,4.37
U104,2024-06-09,2.0,1,320.34,6.41,9.61
U110,2024-06-09,2.0,1,114.93,2.3,3.45
U118,2024-06-09,2.0,1,394.92,7.9,11.85
U156,2024-06-09,2.0,1,277.38,5.55,8.32
U164,2024-06-09,2.0,2,165.65,3.31,4.97
U203,2024-06-09,2.5,1,208.56,5.21,5.22
U224,2024-06-09,2.5,1,140.52,3.51,3.52
U239,2024-06-09,2.5,1,289.73,7.24,7.25
U245,2024-06-09,2.5,2,68.89,1.72,1.72
U248,2024-06-09,2.5,1,49.06,1.23,1.22
U269,2024-06-09,2.5,1,327.37,8.18,8.19
U269,2024-06-09,2.5,2,34.54,0.86,0.87
U269,2024-06-09,2.5,1,293.96,7.35,7.35
U274,2024-06-09,2.5,1,170.65,4.27,4.26
U289,2024-06-09,2.5,1,271.18,6.78,6.78
U292,2024-06-09,2.5,1,137.81,3.45,3.44
U027,2024-06-10,1.5,1,206.05,3.09,7.21
U053,2024-06-10,1.5,1,368.6,5.53,12.9
U064,2024-06-10,1.5,1,442.82,6.64,15.5
U083,2024-06-10,1.5,2,71.42,1.07,2.5
U146,2024-06-10,2.0,1,202.64,4.05,6.08
U194,2024-06-10,2.0,1,505.28,10.11,15.15
U217,2024-06-10,2.5,1,145.87,3.65,3.64
U221,2024-06-10,2.5,1,187.15,4.68,4.68
U245,2024-06-10,2.5,1,119.25,2.98,2.98
U250,2024-06-10,2.5,2,251.32,6.28,6.29
U256,2024-06-10,2.5,2,72.97,1.82,1.83
U266,2024-06-10,2.5,1,190.04,4.75,4.75
U270,2024-06-10,2.5,1,335.35,8.38,8.39
U272,2024-06-10,2.5,1,173.5,4.34,4.34
U021,2024-06-11,1.5,1,583.72,8.76,20.43
U022,2024-06-11,1.5,1,496.66,7.45,17.38
U040,2024-06-11,1.5,1,144.68,2.17,5.06
U045,2024-06-11,1.5,1,121.56,1.82,4.26
U049,2024-06-11,1.5,1,539.18,8.09,18.87
U049,2024-06-11,1.5,2,291.53,4.37,10.21
U056,2024-06-11,1.5,1,443.78,6.66,15.53
U058,2024-06-11,1.5,1,145.01,2.18,5.07
U064,2024-06-11,1.5,2,562.72,8.44,19.7
U099,2024-06-11,1.5,1,541.09,8.12,18.93
U105,2024-06-11,2.0,1,254.71,5.09,7.65
U115,2024-06-11,2.0,1,273.03,5.46,8.19
U148,2024-06-11,2.0,1,218.14,4.36,6.55
U150,2024-06-11,2.0,1,104.62,2.09,3.14
U172,2024-06-11,2.0,1,527.18,10.54,15.82
U193,2024-06-11,2.0,1,381.57,7.63,11.45
U202,2024-06-11,2.5,1,92.34,2.31,2.31
U211,2024-06-11,2.5,1,103.36,2.58,2.59
U217,2024-06-11,2.5,1,346.3,8.66,8.66
U218,2024-06-11,2.5,2,38.43,0.96,0.96
U219,2024-06-11,2.5,1,184.75,4.62,4.62
U227,2024-06-11,2.5,1,276.04,6.9,6.9
U231,2024-06-11,2.5,1,71.18,1.78,1.78
U248,2024-06-11,2.5,1,248.99,6.22,6.23
U259,2024-06-11,2.5,1,35.82,0.9,0.89
U262,2024-06-11,2.5,1,21.62,0.54,0.54
U296,2024-06-11,2.5,1,312.28,7.81,7.8
U298,2024-06-11,2.5,1,11.76,0.29,0.3
U007,2024-06-12,1.5,1,427.3,6.41,14.96
U022,2024-06-12,1.5,1,305.02,4.58,10.67
U025,2024-06-12,1.5,1,144.71,2.17,5.07
U031,2024-06-12,1.5,1,314.71,4.72,11.02
U048,2024-06-12,1.5,1,64.53,0.97,2.26
U061,2024-06-12,1.5,1,144.85,2.17,5.07
U072,2024-06-12,1.5,1,164.35,2.47,5.75
U090,2024-06-12,1.5,1,154.22,2.31,5.4
U095,2024-06-12,1.5,1,496.62,7.45,17.38
U109,2024-06-12,2.0,1,450.14,9.0,13.51
U114,2024-06-12,2.0,1,122.62,2.45,3.68
U121,2024-06-12,2.0,1,191.54,3.83,5.75
U122,2024-06-12,2.0,1,362.06,7.24,10.86
U124,2024-06-12,2.0,1,267.17,5.34,8.02
U134,2024-06-12,2.0,1,264.37,5.29,7.93
U151,2024-06-12,2.0,1,415.23,8.3,12.46
U152,2024-06-12,2.0,2,475.62,9.51,14.27
U159,2024-06-12,2.0,1,392.64,7.85,11.78
U212,2024-06-12,2.5,1,221.02,5.53,5.52
U223,2024-06-12,2.5,1,41.68,1.04,1.04
U223,2024-06-12,2.5,2,181.2,4.53,4.53
U249,2024-06-12,2.5,1,236.58,5.91,5.92
U262,2024-06-12,2.5,1,94.84,2.37,2.37
U267,2024-06-12,2.5,1,338.38,8.46,8.46
U282,2024-06-12,2.5,1,97.49,2.44,2.43
U297,2024-06-12,2.5,1,259.81,6.5,6.49
U300,2024-06-12,2.5,1,317.82,7.95,7.94
U004,2024-06-13,1.5,1,50.15,0.75,1.76
U011,2024-06-13,1.5,1,335.66,5.03,11.75
U012,2024-06-13,1.5,1,74.87,1.12,2.62
U020,2024-06-13,1.5,2,130.36,1.96,4.56
U042,2024-06-13,1.5,1,123.1,1.85,4.3
U052,2024-06-13,1.5,1,203.97,3.06,7.14
U074,2024-06-13,1.5,1,140.59,2.11,4.92
U079,2024-06-13,1.5,1,292.63,4.39,10.24
U079,2024-06-13,1.5,1,573.6,8.6,20.08
U084,2024-06-13,1.5,1,54.39,0.82,1.9
U090,2024-06-13,1.5,1,551.93,8.28,19.32
U098,2024-06-13,1.5,1,72.59,1.09,2.54
U107,2024-06-13,2.0,1,84.5,1.69,2.54
U109,2024-06-13,2.0,1,173.18,3.46,5.2
U115,2024-06-13,2.0,1,406.95,8.14,12.21
U129,2024-06-13,2.0,1,345.97,6.92,10.38
U155,2024-06-13,2.0,2,216.14,4.32,6.49
U160,2024-06-13,2.0,1,200.83,4.02,6.02
U171,2024-06-13,2.0,2,237.86,4.76,7.13
U206,2024-06-13,2.5,1,95.02,2.38,2.37
U213,2024-06-13,2.5,1,49.75,1.24,1.25
U219,2024-06-13,2.5,1,269.09,6.73,6.72
U224,2024-06-13,2.5,1,216.6,5.42,5.41
U225,2024-06-13,2.5,1,51.93,1.3,1.3
U268,2024-06-13,2.5,1,292.71,7.32,7.32
U268,2024-06-13,2.5,2,339.18,8.48,8.48
U269,2024-06-13,2.5,1,278.16,6.95,6.96
U271,2024-06-13,2.5,1,252.36,6.31,6.31
U299,2024-06-13,2.5,2,283.92,7.1,7.1
U006,2024-06-14,1.5,1,382.12,5.73,13.38
U062,2024-06-14,1.5,1,187.07,2.81,6.54
U073,2024-06-14,1.5,1,164.81,2.47,5.77
U093,2024-06-14,1.5,2,522.21,7.83,18.28
U100,2024-06-14,1.5,1,461.32,6.92,16.15
U104,2024-06-14,2.0,1,145.25,2.91,4.35
U105,2024-06-14,2.0,1,315.29,6.31,9.45
U118,2024-06-14,2.0,1,179.37,3.59,5.38
U120,2024-06-14,2.0,1,484.78,9.7,14.54
U125,2024-06-14,2.0,1,232.69,4.65,6.98
U195,2024-06-14,2.0,1,442.3,8.85,13.27
U195,2024-06-14,2.0,1,276.69,5.53,8.3
U214,2024-06-14,2.5,1,297.8,7.45,7.44
U215,2024-06-14,2.5,1,250.54,6.26,6.27
U218,2024-06-14,2.5,1,285.48,7.14,7.13
U221,2024-06-14,2.5,1,119.29,2.98,2.98
U226,2024-06-14,2.5,1,108.64,2.72,2.71
U227,2024-06-14,2.5,1,197.55,4.94,4.94
U241,2024-06-14,2.5,1,201.87,5.05,5.04
U278,2024-06-14,2.5,1,173.07,4.33,4.32
U289,2024-06-14,2.5,2,25.42,0.64,0.63
U296,2024-06-14,2.5,1,283.31,7.08,7.09
U014,2024-06-15,1.5,1,391.68,5.88,13.7
U024,2024-06-15,1.5,1,597.99,8.97,20.93
U057,2024-06-15,1.5,1,582.22,8.73,20.38
U059,2024-06-15,1.5,1,191.25,2.87,6.69
U064,2024-06-15,1.5,1,132.79,1.99,4.65
U083,2024-06-15,1.5,2,51.51,0.77,1.81
U087,2024-06-15,1.5,1,450.16,6.75,15.76
U125,2024-06-15,2.0,1,329.63,6.59,9.89
U129,2024-06-15,2.0,1,88.5,1.77,2.65
U155,2024-06-15,2.0,1,403.25,8.06,12.1
U173,2024-06-15,2.0,1,547.08,10.94,16.41
U182,2024-06-15,2.0,1,283.87,5.68,8.51
U215,2024-06-15,2.5,1,328.77,8.22,8.22
U245,2024-06-15,2.5,1,148.77,3.72,3.72
U245,2024-06-15,2.5,1,117.29,2.93,2.93
U245,2024-06-15,2.5,1,173.54,4.34,4.34
U253,2024-06-15,2.5,2,138.8,3.47,3.47
U254,2024-06-15,2.5,1,315.74,7.89,7.9
U256,2024-06-15,2.5,1,289.78,7.24,7.25
U270,2024-06-15,2.5,1,198.28,4.96,4.95
U282,2024-06-15,2.5,2,131.42,3.29,3.28
U288,2024-06-15,2.5,2,159.33,3.98,3.99
U288,2024-06-15,2.5,1,256.43,6.41,6.41
U288,2024-06-15,2.5,1,100.8,2.52,2.52
U298,2024-06-15,2.5,1,81.13,2.03,2.03
U299,2024-06-15,2.5,1,17.87,0.45,0.44
U007,2024-06-16,1.5,1,484.32,7.26,16.96
U008,2024-06-16,1.5,2,99.29,1.49,3.47
U027,2024-06-16,1.5,1,312.25,4.68,10.93
U075,2024-06-16,1.5,1,552.61,8.29,19.34
U080,2024-06-16,1.5,1,599.01,8.99,20.96
U082,2024-06-16,1.5,1,104.57,1.57,3.66
U084,2024-06-16,1.5,1,568.01,8.52,19.88
U108,2024-06-16,2.0,1,415.12,8.3,12.46
U118,2024-06-16,2.0,1,501.75,10.04,15.05
U140,2024-06-16,2.0,1,176.78,3.54,5.3
U193,2024-06-16,2.0,1,128.82,2.58,3.86
U215,2024-06-16,2.5,1,26.82,0.67,0.67
U229,2024-06-16,2.5,1,221.55,5.54,5.54
U252,2024-06-16,2.5,2,61.91,1.55,1.55
U268,2024-06-16,2.5,1,328.42,8.21,8.21
U276,2024-06-16,2.5,1,205.93,5.15,5.15
U281,2024-06-16,2.5,1,242.4,6.06,6.06
U288,2024-06-16,2.5,1,344.23,8.61,8.6
U292,2024-06-16,2.5,1,95.57,2.39,2.39
U011,2024-06-17,1.5,1,105.64,1.58,3.7
U030,2024-06-17,1.5,1,89.65,1.34,3.14
U046,2024-06-17,1.5,1,439.6,6.59,15.39
U052,2024-06-17,1.5,1,222.36,3.34,7.78
U072,2024-06-17,1.5,1,331.03,4.97,11.58
U074,2024-06-17,1.5,1,83.42,1.25,2.92
U078,2024-06-17,1.5,1,236.71,3.55,8.29
U080,2024-06-17,1.5,1,279.31,4.19,9.78
U087,2024-06-17,1.5,2,322.51,4.84,11.29
U090,2024-06-17,1.5,1,279.63,4.19,9.79
U098,2024-06-17,1.5,2,269.31,4.04,9.43
U104,2024-06-17,2.0,2,392.5,7.85,11.78
U140,2024-06-17,2.0,1,546.59,10.93,16.4
U147,2024-06-17,2.0,1,246.18,4.92,7.39
U157,2024-06-17,2.0,1,267.1,5.34,8.02
U177,2024-06-17,2.0,1,120.55,2.41,3.62
U188,2024-06-17,2.0,1,272.69,5.45,8.18
U213,2024-06-17,2.5,1,28.56,0.71,0.72
U216,2024-06-17,2.5,1,214.39,5.36,5.36
U222,2024-06-17,2.5,1,196.02,4.9,4.9
U229,2024-06-17,2.5,1,278.88,6.97,6.97
U234,2024-06-17,2.5,1,345.05,8.63,8.62
U243,2024-06-17,2.5,2,347.31,8.68,8.69
U249,2024-06-17,2.5,1,96.73,2.42,2.42
U250,2024-06-17,2.5,1,349.1,8.73,8.73
U267,2024-06-17,2.5,1,136.6,3.42,3.41
U297,2024-06-17,2.5,1,282.45,7.06,7.06
U002,2024-06-18,1.5,1,227.29,3.41,7.95
U033,2024-06-18,1.5,1,409.76,6.15,14.34
U037,2024-06-18,1.5,1,316.24,4.74,11.07
U042,2024-06-18,1.5,1,54.32,0.81,1.91
U047,2024-06-18,1.5,1,188.71,2.83,6.61
U056,2024-06-18,1.5,1,371.69,5.58,13.0
U077,2024-06-18,1.5,2,564.81,8.47,19.77
U082,2024-06-18,1.5,1,501.31,7.52,17.55
U084,2024-06-18,1.5,1,557.36,8.36,19.51
U098,2024-06-18,1.5,1,348.95,5.23,12.22
U100,2024-06-18,1.5,1,72.81,1.09,2.55
U146,2024-06-18,2.0,1,255.33,5.11,7.66
U149,2024-06-18,2.0,1,449.46,8.99,13.48
U177,2024-06-18,2.0,1,536.08,10.72,16.08
U231,2024-06-18,2.5,1,268.41,6.71,6.71
U231,2024-06-18,2.5,1,38.49,0.96,0.96
U233,2024-06-18,2.5,1,213.9,5.35,5.35
U241,2024-06-18,2.5,1,45.0,1.12,1.13
U260,2024-06-18,2.5,1,39.86,1.0,0.99
U279,2024-06-18,2.5,1,102.36,2.56,2.56
U284,2024-06-18,2.5,1,163.73,4.09,4.1
U003,2024-06-19,1.5,1,169.71,2.55,5.94
U009,2024-06-19,1.5,1,56.95,0.85,2.0
U022,2024-06-19,1.5,1,378.36,5.68,13.24
U045,2024-06-19,1.5,2,588.91,8.83,20.62
U048,2024-06-19,1.5,1,270.16,4.05,9.46
U049,2024-06-19,1.5,2,265.01,3.98,9.27
U053,2024-06-19,1.5,1,591.26,8.87,20.69
U065,2024-06-19,1.5,1,553.43,8.3,19.37
U107,2024-06-19,2.0,1,408.58,8.17,12.26
U149,2024-06-19,2.0,1,157.79,3.16,4.73
U158,2024-06-19,2.0,1,516.34,10.33,15.49
U188,2024-06-19,2.0,1,321.41,6.43,9.64
U197,2024-06-19,2.0,1,469.94,9.4,14.1
U223,2024-06-19,2.5,2,60.36,1.51,1.51
U232,2024-06-19,2.5,1,35.76,0.89,0.9
U241,2024-06-19,2.5,1,23.58,0.59,0.59
U248,2024-06-19,2.5,1,256.12,6.4,6.41
U255,2024-06-19,2.5,1,214.24,5.36,5.35
U272,2024-06-19,2.5,1,215.56,5.39,5.39
U282,2024-06-19,2.5,1,195.04,4.88,4.87
U298,2024-06-19,2.5,1,168.35,4.21,4.21
U008,2024-06-20,1.5,1,482.86,7.24,16.9
U038,2024-06-20,1.5,2,173.93,2.61,6.09
U040,2024-06-20,1.5,1,121.45,1.82,4.25
U060,2024-06-20,1.5,1,434.55,6.52,15.21
U078,2024-06-20,1.5,2,191.38,2.87,6.7
U136,2024-06-20,2.0,1,532.07,10.64,15.96
U170,2024-06-20,2.0,2,230.89,4.62,6.92
U191,2024-06-20,2.0,1,456.72,9.13,13.71
U195,2024-06-20,2.0,1,317.23,6.34,9.52
U210,2024-06-20,2.5,2,161.47,4.04,4.03
U231,2024-06-20,2.5,1,192.03,4.8,4.8
U232,2024-06-20,2.5,2,199.41,4.99,4.98
U239,2024-06-20,2.5,1,305.11,7.63,7.63
U251,2024-06-20,2.5,2,65.63,1.64,1.64
U272,2024-06-20,2.5,1,318.18,7.95,7.96
U287,2024-06-20,2.5,1,48.83,1.22,1.22
U300,2024-06-20,2.5,1,127.63,3.19,3.19
U004,2024-06-21,1.5,1,358.29,5.37,12.54
U009,2024-06-21,1.5,1,480.17,7.2,16.81
U031,2024-06-21,1.5,1,475.27,7.13,16.63
U035,2024-06-21,1.5,1,177.05,2.66,6.19
U047,2024-06-21,1.5,2,254.05,3.81,8.89
U069,2024-06-21,1.5,2,291.11,4.37,10.19
U080,2024-06-21,1.5,1,370.06,5.55,12.95
U089,2024-06-21,1.5,1,75.06,1.13,2.62
U092,2024-06-21,1.5,1,54.31,0.81,1.91
U093,2024-06-21,1.5,1,342.34,5.14,11.98
U097,2024-06-21,1.5,1,260.72,3.91,9.13
U122,2024-06-21,2.0,1,471.9,9.44,14.15
U139,2024-06-21,2.0,1,362.3,7.25,10.87
U145,2024-06-21,2.0,1,125.71,2.51,3.78
U153,2024-06-21,2.0,1,487.38,9.75,14.62
U165,2024-06-21,2.0,1,401.13,8.02,12.04
U169,2024-06-21,2.0,1,102.38,2.05,3.07
U172,2024-06-21,2.0,1,191.97,3.84,5.76
U184,2024-06-21,2.0,1,146.05,2.92,4.38
U188,2024-06-21,2.0,1,437.96,8.76,13.14
U189,2024-06-21,2.0,1,100.78,2.02,3.02
U197,2024-06-21,2.0,2,361.55,7.23,10.85
U268,2024-06-21,2.5,1,278.93,6.97,6.98
U271,2024-06-21,2.5,1,206.03,5.15,5.15
U283,2024-06-21,2.5,1,137.33,3.43,3.44
U288,2024-06-21,2.5,1,71.83,1.8,1.79
U289,2024-06-21,2.5,1,136.11,3.4,3.41
U298,2024-06-21,2.5,1,93.89,2.35,2.34
U018,2024-06-22,1.5,2,508.73,7.63,17.81
U034,2024-06-22,1.5,2,57.1,0.86,2.0
U036,2024-06-22,1.5,1,476.88,7.15,16.69
U038,2024-06-22,1.5,1,239.13,3.59,8.37
U046,2024-06-22,1.5,2,193.13,2.9,6.76
U051,2024-06-22,1.5,1,249.2,3.74,8.72
U068,2024-06-22,1.5,1,305.64,4.58,10.7
U079,2024-06-22,1.5,1,538.7,8.08,18.86
U094,2024-06-22,1.5,1,562.45,8.44,19.68
U097,2024-06-22,1.5,1,311.49,4.67,10.9
U113,2024-06-22,2.0,1,517.99,10.36,15.54
U114,2024-06-22,2.0,1,472.88,9.46,14.18
U120,2024-06-22,2.0,1,91.29,1.83,2.73
U121,2024-06-22,2.0,1,275.27,5.51,8.25
U133,2024-06-22,2.0,1,325.87,6.52,9.77
U137,2024-06-22,2.0,1,248.41,4.97,7.45
U139,2024-06-22,2.0,1,540.21,10.8,16.21
U160,2024-06-22,2.0,1,344.49,6.89,10.33
U178,2024-06-22,2.0,1,125.96,2.52,3.78
U181,2024-06-22,2.0,2,522.51,10.45,15.68
U197,2024-06-22,2.0,1,330.93,6.62,9.93
U204,2024-06-22,2.5,2,161.91,4.05,4.05
U211,2024-06-22,2.5,1,131.14,3.28,3.28
U248,2024-06-22,2.5,1,204.08,5.1,5.1
U259,2024-06-22,2.5,1,199.29,4.98,4.98
U271,2024-06-22,2.5,1,136.62,3.42,3.41
U278,2024-06-22,2.5,1,197.28,4.93,4.93
U293,2024-06-22,2.5,1,55.65,1.39,1.39
U006,2024-06-23,1.5,1,219.19,3.29,7.67
U012,2024-06-23,1.5,2,454.17,6.81,15.9
U036,2024-06-23,1.5,1,435.96,6.54,15.26
U050,2024-06-23,1.5,2,69.56,1.04,2.44
U057,2024-06-23,1.5,1,386.41,5.8,13.52
U074,2024-06-23,1.5,1,410.78,6.16,14.38
U107,2024-06-23,2.0,2,214.49,4.29,6.43
U108,2024-06-23,2.0,1,323.78,6.48,9.71
U126,2024-06-23,2.0,1,540.33,10.81,16.21
U151,2024-06-23,2.0,1,234.87,4.7,7.04
U178,2024-06-23,2.0,1,334.61,6.69,10.04
U183,2024-06-23,2.0,2,292.55,5.85,8.78
U200,2024-06-23,2.0,1,407.92,8.16,12.24
U202,2024-06-23,2.5,1,81.4,2.04,2.03
U233,2024-06-23,2.5,1,47.28,1.18,1.18
U247,2024-06-23,2.5,1,100.3,2.51,2.51
U247,2024-06-23,2.5,1,332.91,8.32,8.33
U249,2024-06-23,2.5,1,250.78,6.27,6.27
U257,2024-06-23,2.5,2,96.57,2.41,2.42
U258,2024-06-23,2.5,1,132.48,3.31,3.31
U260,2024-06-23,2.5,1,23.64,0.59,0.59
U276,2024-06-23,2.5,1,207.62,5.19,5.19
U282,2024-06-23,2.5,1,319.5,7.99,7.99
U297,2024-06-23,2.5,1,185.48,4.64,4.63
U001,2024-06-24,1.5,1,319.47,4.79,11.18
U009,2024-06-24,1.5,1,402.28,6.03,14.08
U022,2024-06-24,1.5,2,311.37,4.67,10.9
U038,2024-06-24,1.5,2,94.19,1.41,3.3
U054,2024-06-24,1.5,1,312.88,4.69,10.95
U056,2024-06-24,1.5,2,103.71,1.56,3.63
U057,2024-06-24,1.5,1,209.52,3.14,7.34
U062,2024-06-24,1.5,1,179.4,2.69,6.28
U065,2024-06-24,1.5,2,146.87,2.2,5.14
U066,2024-06-24,1.5,1,156.94,2.35,5.5
U068,2024-06-24,1.5,1,517.54,7.76,18.12
U074,2024-06-24,1.5,1,127.57,1.91,4.47
U075,2024-06-24,1.5,1,185.74,2.79,6.5
U089,2024-06-24,1.5,1,199.4,2.99,6.98
U111,2024-06-24,2.0,1,86.19,1.72,2.59
U117,2024-06-24,2.0,1,323.41,6.47,9.7
U122,2024-06-24,2.0,1,150.14,3.0,4.51
U156,2024-06-24,2.0,1,93.82,1.88,2.81
U164,2024-06-24,2.0,1,321.57,6.43,9.65
U171,2024-06-24,2.0,1,336.45,6.73,10.09
U172,2024-06-24,2.0,1,188.71,3.77,5.67
U173,2024-06-24,2.0,1,493.92,9.88,14.82
U183,2024-06-24,2.0,2,407.1,8.14,12.22
U210,2024-06-24,2.5,2,93.36,2.33,2.34
U218,2024-06-24,2.5,1,328.44,8.21,8.21
U235,2024-06-24,2.5,1,40.6,1.02,1.01
U247,2024-06-24,2.5,2,247.85,6.2,6.19
U249,2024-06-24,2.5,1,91.79,2.29,2.3
U251,2024-06-24,2.5,1,328.97,8.22,8.23
U260,2024-06-24,2.5,1,62.4,1.56,1.56
U002,2024-06-25,1.5,1,487.04,7.31,17.04
U026,2024-06-25,1.5,1,264.4,3.97,9.25
U048,2024-06-25,1.5,1,455.87,6.84,15.95
U065,2024-06-25,1.5,1,152.24,2.28,5.33
U091,2024-06-25,1.5,1,552.34,8.29,19.33
U091,2024-06-25,1.5,1,556.16,8.34,19.47
U092,2024-06-25,1.5,1,350.18,5.25,12.26
U100,2024-06-25,1.5,1,435.26,6.53,15.23
U110,2024-06-25,2.0,2,85.3,1.71,2.55
U112,2024-06-25,2.0,1,449.55,8.99,13.49
U117,2024-06-25,2.0,1,120.24,2.4,3.61
U135,2024-06-25,2.0,1,473.57,9.47,14.21
U140,2024-06-25,2.0,1,356.46,7.13,10.69
U144,2024-06-25,2.0,1,286.49,5.73,8.59
U161,2024-06-25,2.0,1,363.97,7.28,10.92
U180,2024-06-25,2.0,1,143.1,2.86,4.29
U194,2024-06-25,2.0,1,405.85,8.12,12.17
U197,2024-06-25,2.0,2,292.6,5.85,8.78
U207,2024-06-25,2.5,1,129.07,3.23,3.22
U211,2024-06-25,2.5,1,262.8,6.57,6.57
U217,2024-06-25,2.5,1,179.23,4.48,4.48
U219,2024-06-25,2.5,1,245.1,6.13,6.13
U221,2024-06-25,2.5,1,96.55,2.41,2.42
U242,2024-06-25,2.5,1,238.94,5.97,5.98
U263,2024-06-25,2.5,1,281.93,7.05,7.05
U276,2024-06-25,2.5,1,252.27,6.31,6.3
U279,2024-06-25,2.5,1,309.42,7.74,7.73
U280,2024-06-25,2.5,1,165.68,4.14,4.14
U018,2024-06-26,1.5,1,496.2,7.44,17.37
U044,2024-06-26,1.5,1,468.44,7.03,16.39
U057,2024-06-26,1.5,1,184.54,2.77,6.46
U069,2024-06-26,1.5,2,63.62,0.95,2.23
U079,2024-06-26,1.5,1,235.04,3.53,8.22
U081,2024-06-26,1.5,2,260.46,3.91,9.11
U083,2024-06-26,1.5,1,354.26,5.31,12.4
U083,2024-06-26,1.5,2,202.84,3.04,7.1
U093,2024-06-26,1.5,2,153.19,2.3,5.36
U120,2024-06-26,2.0,1,285.02,5.7,8.55
U128,2024-06-26,2.0,1,141.2,2.82,4.24
U156,2024-06-26,2.0,1,195.36,3.91,5.86
U195,2024-06-26,2.0,2,513.23,10.26,15.4
U200,2024-06-26,2.0,1,494.08,9.88,14.82
U201,2024-06-26,2.5,1,146.88,3.67,3.67
U218,2024-06-26,2.5,1,134.76,3.37,3.37
U218,2024-06-26,2.5,1,210.12,5.25,5.26
U224,2024-06-26,2.5,1,204.14,5.1,5.11
U233,2024-06-26,2.5,1,24.88,0.62,0.62
U257,2024-06-26,2.5,1,193.01,4.83,4.82
U273,2024-06-26,2.5,2,286.28,7.16,7.15
U279,2024-06-26,2.5,1,137.28,3.43,3.43
U011,2024-06-27,1.5,1,478.79,7.18,16.76
U015,2024-06-27,1.5,1,597.93,8.97,20.93
U039,2024-06-27,1.5,1,253.44,3.8,8.87
U040,2024-06-27,1.5,1,150.43,2.26,5.26
U098,2024-06-27,1.5,1,156.23,2.34,5.47
U102,2024-06-27,2.0,1,366.44,7.33,10.99
U124,2024-06-27,2.0,1,166.64,3.33,5.0
U144,2024-06-27,2.0,2,440.63,8.81,13.22
U175,2024-06-27,2.0,1,367.5,7.35,11.03
U232,2024-06-27,2.5,1,328.52,8.21,8.22
U236,2024-06-27,2.5,2,92.31,2.31,2.31
U251,2024-06-27,2.5,1,41.16,1.03,1.03
U293,2024-06-27,2.5,1,291.13,7.28,7.28
U001,2024-06-28,1.5,1,259.68,3.9,9.08
U019,2024-06-28,1.5,1,271.4,4.07,9.5
U025,2024-06-28,1.5,1,462.08,6.93,16.17
U035,2024-06-28,1.5,2,291.7,4.38,10.21
U044,2024-06-28,1.5,1,434.5,6.52,15.21
U048,2024-06-28,1.5,1,237.69,3.57,8.31
U048,2024-06-28,1.5,1,408.87,6.13,14.31
U054,2024-06-28,1.5,1,571.76,8.58,20.01
U055,2024-06-28,1.5,1,540.99,8.11,18.94
U058,2024-06-28,1.5,1,279.24,4.19,9.77
U067,2024-06-28,1.5,1,239.08,3.59,8.36
U093,2024-06-28,1.5,1,563.32,8.45,19.72
U113,2024-06-28,2.0,1,449.21,8.98,13.48
U119,2024-06-28,2.0,2,493.12,9.86,14.8
U145,2024-06-28,2.0,1,144.49,2.89,4.33
U185,2024-06-28,2.0,1,184.93,3.7,5.55
U222,2024-06-28,2.5,1,335.64,8.39,8.39
U226,2024-06-28,2.5,2,107.82,2.7,2.69
U232,2024-06-28,2.5,1,26.89,0.67,0.67
U258,2024-06-28,2.5,1,346.69,8.67,8.66
U263,2024-06-28,2.5,1,293.48,7.34,7.33
U271,2024-06-28,2.5,2,283.24,7.08,7.08
U274,2024-06-28,2.5,1,323.44,8.09,8.08
U292,2024-06-28,2.5,1,148.37,3.71,3.71
U292,2024-06-28,2.5,1,118.88,2.97,2.97
U297,2024-06-28,2.5,1,234.36,5.86,5.86
U028,2024-06-29,1.5,1,100.68,1.51,3.52
U044,2024-06-29,1.5,1,443.66,6.65,15.53
U054,2024-06-29,1.5,1,442.22,6.63,15.48
U060,2024-06-29,1.5,2,443.86,6.66,15.53
U065,2024-06-29,1.5,1,191.54,2.87,6.71
U067,2024-06-29,1.5,1,129.1,1.94,4.52
U077,2024-06-29,1.5,1,317.2,4.76,11.1
U127,2024-06-29,2.0,1,371.44,7.43,11.14
U134,2024-06-29,2.0,1,370.4,7.41,11.11
U158,2024-06-29,2.0,2,468.27,9.37,14.04
U174,2024-06-29,2.0,1,119.07,2.38,3.57
U175,2024-06-29,2.0,2,120.66,2.41,3.62
U185,2024-06-29,2.0,1,373.68,7.47,11.21
U194,2024-06-29,2.0,1,172.14,3.44,5.17
U200,2024-06-29,2.0,1,435.86,8.72,13.07
U225,2024-06-29,2.5,1,252.35,6.31,6.31
U257,2024-06-29,2.5,1,181.17,4.53,4.53
U261,2024-06-29,2.5,1,310.57,7.76,7.77
U270,2024-06-29,2.5,1,300.02,7.5,7.5
U004,2024-06-30,1.5,1,51.0,0.77,1.78
U012,2024-06-30,1.5,1,438.4,6.58,15.34
U014,2024-06-30,1.5,1,169.66,2.54,5.94
U030,2024-06-30,1.5,1,446.78,6.7,15.64
U030,2024-06-30,1.5,1,467.97,7.02,16.38
U036,2024-06-30,1.5,1,458.91,6.88,16.07
U064,2024-06-30,1.5,1,596.22,8.94,20.87
U108,2024-06-30,2.0,1,198.25,3.97,5.94
U125,2024-06-30,2.0,1,434.4,8.69,13.03
U136,2024-06-30,2.0,1,352.61,7.05,10.58
U150,2024-06-30,2.0,1,252.91,5.06,7.59
U180,2024-06-30,2.0,1,354.42,7.09,10.63
U183,2024-06-30,2.0,1,143.08,2.86,4.29
U199,2024-06-30,2.0,1,297.27,5.95,8.91
U203,2024-06-30,2.5,1,235.15,5.88,5.88
U211,2024-06-30,2.5,1,184.87,4.62,4.62
U215,2024-06-30,2.5,1,32.05,0.8,0.8
U219,2024-06-30,2.5,1,322.8,8.07,8.07
U261,2024-06-30,2.5,1,342.56,8.56,8.57
U265,2024-06-30,2.5,1,12.41,0.31,0.31
U298,2024-06-30,2.5,1,155.2,3.88,3.88
U300,2024-06-30,2.5,1,150.43,3.76,3.76
U008,2024-07-01,1.5,1,513.68,7.71,17.97
U020,2024-07-01,1.5,1,375.81,5.64,13.15
U029,2024-07-01,1.5,1,397.43,5.96,13.91
U112,2024-07-01,2.0,1,215.61,4.31,6.47
U119,2024-07-01,2.0,2,165.59,3.31,4.97
U123,2024-07-01,2.0,2,194.67,3.89,5.84
U134,2024-07-01,2.0,1,541.2,10.82,16.24
U135,2024-07-01,2.0,1,246.82,4.94,7.4
U141,2024-07-01,2.0,1,111.04,2.22,3.33
U176,2024-07-01,2.0,1,444.5,8.89,13.34
U185,2024-07-01,2.0,1,263.88,5.28,7.91
U199,2024-07-01,2.0,1,233.2,4.66,7.0
U200,2024-07-01,2.0,1,96.31,1.93,2.89
U209,2024-07-01,2.5,1,164.44,4.11,4.11
U228,2024-07-01,2.5,1,197.31,4.93,4.94
U230,2024-07-01,2.5,1,67.72,1.69,1.7
U239,2024-07-01,2.5,1,309.26,7.73,7.73
U241,2024-07-01,2.5,1,328.45,8.21,8.21
U243,2024-07-01,2.5,1,281.03,7.03,7.02
U243,2024-07-01,2.5,1,261.63,6.54,6.54
U259,2024-07-01,2.5,2,299.31,7.48,7.49
U048,2024-07-02,1.5,1,259.98,3.9,9.1
U048,2024-07-02,1.5,1,160.39,2.41,5.61
U059,2024-07-02,1.5,2,292.27,4.38,10.23
U063,2024-07-02,1.5,1,492.64,7.39,17.24
U074,2024-07-02,1.5,1,161.36,2.42,5.65
U075,2024-07-02,1.5,1,371.63,5.57,13.01
U077,2024-07-02,1.5,1,191.48,2.87,6.7
U077,2024-07-02,1.5,1,552.83,8.29,19.35
U093,2024-07-02,1.5,1,343.26,5.15,12.01
U106,2024-07-02,2.0,1,164.04,3.28,4.92
U109,2024-07-02,2.0,1,399.69,7.99,11.99
U110,2024-07-02,2.0,1,96.71,1.93,2.91
U112,2024-07-02,2.0,2,471.63,9.43,14.15
U113,2024-07-02,2.0,1,195.04,3.9,5.85
U121,2024-07-02,2.0,1,428.67,8.57,12.86
U133,2024-07-02,2.0,1,138.31,2.77,4.15
U139,2024-07-02,2.0,1,314.06,6.28,9.42
U146,2024-07-02,2.0,1,185.11,3.7,5.56
U151,2024-07-02,2.0,1,228.31,4.57,6.85
U153,2024-07-02,2.0,2,316.2,6.32,9.49
U161,2024-07-02,2.0,2,342.17,6.84,10.27
U171,2024-07-02,2.0,1,92.87,1.86,2.78
U174,2024-07-02,2.0,1,384.81,7.7,11.54
U178,2024-07-02,2.0,2,408.58,8.17,12.26
U195,2024-07-02,2.0,1,319.47,6.39,9.58
U203,2024-07-02,2.5,1,220.45,5.51,5.51
U205,2024-07-02,2.5,1,137.48,3.44,3.43
U211,2024-07-02,2.5,1,122.81,3.07,3.07
U213,2024-07-02,2.5,1,169.94,4.25,4.25
U222,2024-07-02,2.5,1,165.75,4.14,4.15
U239,2024-07-02,2.5,1,249.02,6.23,6.22
U242,2024-07-02,2.5,1,10.41,0.26,0.26
U246,2024-07-02,2.5,1,103.35,2.58,2.59
U254,2024-07-02,2.5,1,288.23,7.21,7.2
U257,2024-07-02,2.5,1,193.08,4.83,4.82
U264,2024-07-02,2.5,1,252.35,6.31,6.31
U289,2024-07-02,2.5,1,335.9,8.4,8.39
U293,2024-07-02,2.5,1,20.71,0.52,0.52
U299,2024-07-02,2.5,1,235.93,5.9,5.9
U026,2024-07-03,1.5,1,335.59,5.03,11.75
U032,2024-07-03,1.5,1,321.1,4.82,11.24
U033,2024-07-03,1.5,1,416.02,6.24,14.56
U048,2024-07-03,1.5,1,214.52,3.22,7.51
U059,2024-07-03,1.5,1,79.65,1.19,2.79
U060,2024-07-03,1.5,1,74.73,1.12,2.62
U080,2024-07-03,1.5,1,199.69,3.0,6.98
U093,2024-07-03,1.5,1,260.94,3.91,9.14
U099,2024-07-03,1.5,1,498.86,7.48,17.46
U123,2024-07-03,2.0,1,494.95,9.9,14.85
U127,2024-07-03,2.0,1,143.27,2.87,4.29
U128,2024-07-03,2.0,1,283.57,5.67,8.51
U130,2024-07-03,2.0,1,280.63,5.61,8.42
U140,2024-07-03,2.0,2,424.25,8.48,12.73
U155,2024-07-03,2.0,1,254.2,5.08,7.63
U164,2024-07-03,2.0,1,107.13,2.14,3.22
U171,2024-07-03,2.0,1,212.29,4.25,6.36
U215,2024-07-03,2.5,1,207.49,5.19,5.18
U223,2024-07-03,2.5,1,62.11,1.55,1.56
U232,2024-07-03,2.5,1,63.98,1.6,1.6
U235,2024-07-03,2.5,1,292.47,7.31,7.31
U254,2024-07-03,2.5,1,27.08,0.68,0.67
U257,2024-07-03,2.5,1,71.61,1.79,1.79
U259,2024-07-03,2.5,1,221.01,5.53,5.52
U262,2024-07-03,2.5,1,75.36,1.88,1.89
U263,2024-07-03,2.5,2,243.78,6.09,6.1
U289,2024-07-03,2.5,2,130.05,3.25,3.25
U295,2024-07-03,2.5,2,127.67,3.19,3.19
U296,2024-07-03,2.5,1,137.47,3.44,3.43
U020,2024-07-04,1.5,1,256.82,3.85,8.99
U023,2024-07-04,1.5,1,451.76,6.78,15.81
U025,2024-07-04,1.5,2,534.39,8.02,18.7
U028,2024-07-04,1.5,1,519.63,7.79,18.19
U053,2024-07-04,1.5,1,168.81,2.53,5.91
U072,2024-07-04,1.5,1,227.5,3.41,7.96
U075,2024-07-04,1.5,1,125.58,1.88,4.4
U079,2024-07-04,1.5,1,55.38,0.83,1.94
U087,2024-07-04,1.5,1,506.8,7.6,17.74
U091,2024-07-04,1.5,1,303.12,4.55,10.61
U096,2024-07-04,1.5,1,539.06,8.09,18.86
U115,2024-07-04,2.0,1,237.13,4.74,7.12
U126,2024-07-04,2.0,1,337.77,6.76,10.13
U133,2024-07-04,2.0,1,294.92,5.9,8.85
U146,2024-07-04,2.0,1,310.43,6.21,9.31
U151,2024-07-04,2.0,1,113.48,2.27,3.4
U159,2024-07-04,2.0,1,529.49,10.59,15.88
U184,2024-07-04,2.0,1,481.0,9.62,14.43
U191,2024-07-04,2.0,1,328.46,6.57,9.85
U196,2024-07-04,2.0,2,341.8,6.84,10.25
U200,2024-07-04,2.0,1,427.23,8.54,12.82
U200,2024-07-04,2.0,1,320.37,6.41,9.61
U201,2024-07-04,2.5,1,263.41,6.59,6.58
U212,2024-07-04,2.5,1,262.78,6.57,6.57
U213,2024-07-04,2.5,1,155.81,3.9,3.89
U225,2024-07-04,2.5,1,93.65,2.34,2.34
U229,2024-07-04,2.5,1,51.26,1.28,1.28
U246,2024-07-04,2.5,1,120.94,3.02,3.03
U274,2024-07-04,2.5,1,141.53,3.54,3.54
U003,2024-07-05,1.5,2,156.63,2.35,5.48
U014,2024-07-05,1.5,1,110.5,1.66,3.87
U015,2024-07-05,1.5,1,50.38,0.76,1.76
U022,2024-07-05,1.5,1,339.3,5.09,11.88
U035,2024-07-05,1.5,1,173.03,2.6,6.05
U043,2024-07-05,1.5,2,569.94,8.55,19.95
U055,2024-07-05,1.5,1,100.59,1.51,3.52
U111,2024-07-05,2.0,1,240.02,4.8,7.2
U112,2024-07-05,2.0,2,422.87,8.46,12.68
U120,2024-07-05,2.0,1,214.61,4.29,6.44
U125,2024-07-05,2.0,1,86.0,1.72,2.58
U138,2024-07-05,2.0,1,423.28,8.47,12.69
U162,2024-07-05,2.0,1,310.46,6.21,9.31
U164,2024-07-05,2.0,1,211.53,4.23,6.35
U170,2024-07-05,2.0,1,543.73,10.87,16.32
U189,2024-07-05,2.0,1,89.4,1.79,2.68
U190,2024-07-05,2.0,1,163.41,3.27,4.9
U205,2024-07-05,2.5,2,323.95,8.1,8.1
U210,2024-07-05,2.5,1,245.83,6.15,6.14
U211,2024-07-05,2.5,1,125.29,3.13,3.13
U218,2024-07-05,2.5,1,116.51,2.91,2.92
U226,2024-07-05,2.5,1,143.04,3.58,3.57
U239,2024-07-05,2.5,1,117.43,2.94,2.93
U247,2024-07-05,2.5,1,345.96,8.65,8.65
U256,2024-07-05,2.5,2,121.05,3.03,3.02
U257,2024-07-05,2.5,1,112.97,2.82,2.83
U263,2024-07-05,2.5,1,291.69,7.29,7.29
U282,2024-07-05,2.5,2,111.67,2.79,2.79
U296,2024-07-05,2.5,2,312.23,7.81,7.8
U296,2024-07-05,2.5,1,346.01,8.65,8.65
U300,2024-07-05,2.5,1,272.1,6.8,6.81
U028,2024-07-06,1.5,1,407.33,6.11,14.26
U034,2024-07-06,1.5,1,459.91,6.9,16.1
U045,2024-07-06,1.5,1,595.95,8.94,20.86
U049,2024-07-06,1.5,1,175.95,2.64,6.16
U064,2024-07-06,1.5,1,333.56,5.0,11.68
U069,2024-07-06,1.5,1,562.37,8.44,19.68
U080,2024-07-06,1.5,1,479.84,7.2,16.79
U088,2024-07-06,1.5,1,322.44,4.84,11.28
U091,2024-07-06,1.5,1,499.02,7.49,17.46
U092,2024-07-06,1.5,2,241.61,3.62,8.46
U114,2024-07-06,2.0,1,379.05,7.58,11.37
U117,2024-07-06,2.0,1,473.72,9.47,14.22
U153,2024-07-06,2.0,1,475.19,9.5,14.26
U163,2024-07-06,2.0,1,427.68,8.55,12.83
U169,2024-07-06,2.0,1,370.67,7.41,11.12
U188,2024-07-06,2.0,1,89.21,1.78,2.68
U219,2024-07-06,2.5,1,19.93,0.5,0.5
U230,2024-07-06,2.5,1,298.84,7.47,7.47
U232,2024-07-06,2.5,1,266.63,6.67,6.66
U246,2024-07-06,2.5,1,184.11,4.6,4.61
U273,2024-07-06,2.5,1,22.16,0.55,0.56
U283,2024-07-06,2.5,1,25.08,0.63,0.62
U294,2024-07-06,2.5,1,277.46,6.94,6.93
U007,2024-07-07,1.5,1,566.3,8.49,19.82
U028,2024-07-07,1.5,1,151.15,2.27,5.29
U034,2024-07-07,1.5,1,342.7,5.14,12.0
U035,2024-07-07,1.5,2,343.61,5.15,12.03
U040,2024-07-07,1.5,1,412.25,6.18,14.43
U067,2024-07-07,1.5,1,237.82,3.57,8.32
U073,2024-07-07,1.5,1,295.02,4.43,10.32
U114,2024-07-07,2.0,1,137.65,2.75,4.13
U115,2024-07-07,2.0,1,436.17,8.72,13.09
U123,2024-07-07,2.0,1,523.57,10.47,15.71
U140,2024-07-07,2.0,1,512.36,10.25,15.37
U159,2024-07-07,2.0,1,537.85,10.76,16.13
U170,2024-07-07,2.0,1,136.78,2.74,4.1
U171,2024-07-07,2.0,1,446.26,8.93,13.38
U190,2024-07-07,2.0,1,391.39,7.83,11.74
U196,2024-07-07,2.0,1,399.15,7.98,11.98
U205,2024-07-07,2.5,1,108.82,2.72,2.72
U217,2024-07-07,2.5,1,102.68,2.57,2.56
U232,2024-07-07,2.5,1,340.73,8.52,8.52
U245,2024-07-07,2.5,1,266.68,6.67,6.66
U246,2024-07-07,2.5,1,247.25,6.18,6.18
U251,2024-07-07,2.5,1,25.56,0.64,0.64
U255,2024-07-07,2.5,1,33.8,0.84,0.85
U263,2024-07-07,2.5,1,227.1,5.68,5.68
U283,2024-07-07,2.5,1,106.76,2.67,2.67
U299,2024-07-07,2.5,2,83.19,2.08,2.08
U003,2024-07-08,1.5,2,238.27,3.57,8.34
U033,2024-07-08,1.5,1,426.54,6.4,14.93
U036,2024-07-08,1.5,1,113.12,1.7,3.96
U039,2024-07-08,1.5,1,78.2,1.17,2.74
U070,2024-07-08,1.5,1,542.79,8.14,19.0
U083,2024-07-08,1.5,1,348.35,5.23,12.19
U087,2024-07-08,1.5,1,80.43,1.21,2.81
U110,2024-07-08,2.0,2,89.22,1.78,2.68
U114,2024-07-08,2.0,1,101.07,2.02,3.03
U120,2024-07-08,2.0,1,355.1,7.1,10.66
U137,2024-07-08,2.0,1,434.33,8.69,13.03
U143,2024-07-08,2.0,1,371.17,7.42,11.14
U183,2024-07-08,2.0,1,539.02,10.78,16.17
U191,2024-07-08,2.0,1,496.77,9.94,14.9
U210,2024-07-08,2.5,1,112.03,2.8,2.8
U215,2024-07-08,2.5,2,31.42,0.79,0.78
U229,2024-07-08,2.5,1,169.56,4.24,4.24
U232,2024-07-08,2.5,2,111.46,2.79,2.78
U235,2024-07-08,2.5,1,348.63,8.72,8.71
U241,2024-07-08,2.5,1,191.07,4.78,4.77
U245,2024-07-08,2.5,1,138.33,3.46,3.46
U248,2024-07-08,2.5,1,231.8,5.8,5.79
U255,2024-07-08,2.5,1,200.23,5.01,5.0
U256,2024-07-08,2.5,1,176.26,4.41,4.4
U262,2024-07-08,2.5,1,171.09,4.28,4.27
U015,2024-07-09,1.5,1,372.79,5.59,13.05
U025,2024-07-09,1.5,1,401.59,6.02,14.06
U027,2024-07-09,1.5,1,172.46,2.59,6.03
U042,2024-07-09,1.5,1,560.48,8.41,19.61
U048,2024-07-09,1.5,1,88.28,1.32,3.09
U049,2024-07-09,1.5,2,470.53,7.06,16.47
U096,2024-07-09,1.5,2,91.85,1.38,3.21
U113,2024-07-09,2.0,1,161.3,3.23,4.84
U119,2024-07-09,2.0,1,538.91,10.78,16.17
U126,2024-07-09,2.0,1,372.41,7.45,11.17
U131,2024-07-09,2.0,1,462.97,9.26,13.89
U132,2024-07-09,2.0,1,148.87,2.98,4.46
U147,2024-07-09,2.0,1,312.28,6.25,9.36
U148,2024-07-09,2.0,1,277.9,5.56,8.34
U158,2024-07-09,2.0,1,172.57,3.45,5.18
U160,2024-07-09,2.0,2,172.79,3.46,5.18
U164,2024-07-09,2.0,2,494.62,9.89,14.84
U165,2024-07-09,2.0,1,384.63,7.69,11.54
U184,2024-07-09,2.0,1,459.39,9.19,13.78
U191,2024-07-09,2.0,1,267.46,5.35,8.02
U206,2024-07-09,2.5,1,167.39,4.18,4.19
U207,2024-07-09,2.5,1,38.28,0.96,0.95
U214,2024-07-09,2.5,1,321.27,8.03,8.03
U239,2024-07-09,2.5,1,163.06,4.08,4.07
U242,2024-07-09,2.5,2,75.29,1.88,1.88
U248,2024-07-09,2.5,1,25.87,0.65,0.64
U248,2024-07-09,2.5,2,153.21,3.83,3.83
U250,2024-07-09,2.5,1,218.63,5.47,5.46
U250,2024-07-09,2.5,1,55.83,1.4,1.39
U255,2024-07-09,2.5,1,115.62,2.89,2.89
U259,2024-07-09,2.5,1,248.21,6.21,6.2
U268,2024-07-09,2.5,2,84.11,2.1,2.11
U270,2024-07-09,2.5,1,241.54,6.04,6.04
U280,2024-07-09,2.5,1,58.32,1.46,1.46
U295,2024-07-09,2.5,1,184.76,4.62,4.62
U300,2024-07-09,2.5,1,212.33,5.31,5.31
U002,2024-07-10,1.5,1,56.44,0.85,1.97
U012,2024-07-10,1.5,1,226.08,3.39,7.91
U020,2024-07-10,1.5,1,65.75,0.99,2.3
U027,2024-07-10,1.5,1,399.39,5.99,13.98
U037,2024-07-10,1.5,1,350.18,5.25,12.26
U053,2024-07-10,1.5,1,137.86,2.07,4.82
U069,2024-07-10,1.5,1,551.15,8.27,19.29
U069,2024-07-10,1.5,2,175.77,2.64,6.15
U072,2024-07-10,1.5,2,562.84,8.44,19.7
U083,2024-07-10,1.5,1,590.0,8.85,20.65
U095,2024-07-10,1.5,1,449.18,6.74,15.72
U122,2024-07-10,2.0,1,369.5,7.39,11.09
U138,2024-07-10,2.0,1,92.72,1.85,2.79
U139,2024-07-10,2.0,1,124.26,2.49,3.72
U167,2024-07-10,2.0,1,255.18,5.1,7.66
U173,2024-07-10,2.0,1,447.15,8.94,13.42
U173,2024-07-10,2.0,1,126.5,2.53,3.8
U177,2024-07-10,2.0,1,477.9,9.56,14.33
U177,2024-07-10,2.0,1,203.4,4.07,6.1
U200,2024-07-10,2.0,1,545.26,10.91,16.35
U208,2024-07-10,2.5,2,71.97,1.8,1.8
U215,2024-07-10,2.5,1,158.12,3.95,3.96
U219,2024-07-10,2.5,1,235.73,5.89,5.9
U232,2024-07-10,2.5,1,238.34,5.96,5.96
U244,2024-07-10,2.5,1,50.97,1.27,1.28
U245,2024-07-10,2.5,1,161.66,4.04,4.04
U252,2024-07-10,2.5,1,86.52,2.16,2.17
U256,2024-07-10,2.5,1,166.1,4.15,4.15
U262,2024-07-10,2.5,1,27.57,0.69,0.69
U264,2024-07-10,2.5,1,12.93,0.32,0.33
U272,2024-07-10,2.5,1,47.1,1.18,1.18
U284,2024-07-10,2.5,1,96.24,2.41,2.4
U292,2024-07-10,2.5,1,188.68,4.72,4.71
U299,2024-07-10,2.5,1,332.37,8.31,8.31
U019,2024-07-11,1.5,2,468.39,7.03,16.39
U024,2024-07-11,1.5,1,518.04,7.77,18.13
U056,2024-07-11,1.5,1,175.69,2.64,6.14
U061,2024-07-11,1.5,1,386.29,5.79,13.52
U061,2024-07-11,1.5,2,305.67,4.59,10.69
U072,2024-07-11,1.5,1,325.27,4.88,11.38
U081,2024-07-11,1.5,1,588.81,8.83,20.61
U082,2024-07-11,1.5,1,428.42,6.43,14.99
U086,2024-07-11,1.5,1,279.77,4.2,9.79
U095,2024-07-11,1.5,1,382.14,5.73,13.38
U106,2024-07-11,2.0,1,363.61,7.27,10.91
U110,2024-07-11,2.0,1,374.99,7.5,11.25
U113,2024-07-11,2.0,1,170.16,3.4,5.11
U139,2024-07-11,2.0,1,292.88,5.86,8.78
U144,2024-07-11,2.0,1,443.15,8.86,13.3
U145,2024-07-11,2.0,1,528.56,10.57,15.86
U153,2024-07-11,2.0,1,245.7,4.91,7.38
U156,2024-07-11,2.0,1,487.81,9.76,14.63
U164,2024-07-11,2.0,1,207.66,4.15,6.23
U190,2024-07-11,2.0,1,242.27,4.85,7.26
U203,2024-07-11,2.5,1,185.38,4.63,4.64
U205,2024-07-11,2.5,1,318.63,7.97,7.96
U205,2024-07-11,2.5,1,15.78,0.39,0.4
U209,2024-07-11,2.5,1,313.58,7.84,7.84
U210,2024-07-11,2.5,2,11.56,0.29,0.29
U224,2024-07-11,2.5,1,188.21,4.71,4.7
U238,2024-07-11,2.5,1,140.24,3.51,3.5
U255,2024-07-11,2.5,1,219.11,5.48,5.48
U256,2024-07-11,2.5,1,263.32,6.58,6.59
U268,2024-07-11,2.5,1,212.12,5.3,5.31
U283,2024-07-11,2.5,1,49.16,1.23,1.23
U287,2024-07-11,2.5,2,110.33,2.76,2.76
U290,2024-07-11,2.5,1,211.58,5.29,5.29
U297,2024-07-11,2.5,1,103.71,2.59,2.6
U001,2024-07-12,1.5,2,381.23,5.72,13.34
U001,2024-07-12,1.5,1,296.83,4.45,10.39
U015,2024-07-12,1.5,1,56.06,0.84,1.96
U020,2024-07-12,1.5,1,274.26,4.11,9.6
U023,2024-07-12,1.5,2,245.25,3.68,8.58
U026,2024-07-12,1.5,1,336.1,5.04,11.77
U046,2024-07-12,1.5,1,382.51,5.74,13.39
U048,2024-07-12,1.5,1,87.05,1.31,3.04
U058,2024-07-12,1.5,1,556.55,8.35,19.48
U063,2024-07-12,1.5,1,436.33,6.54,15.28
U068,2024-07-12,1.5,2,491.42,7.37,17.2
U084,2024-07-12,1.5,2,297.16,4.46,10.4
U094,2024-07-12,1.5,2,75.22,1.13,2.63
U127,2024-07-12,2.0,1,533.37,10.67,16.0
U130,2024-07-12,2.0,1,324.05,6.48,9.72
U144,2024-07-12,2.0,1,534.52,10.69,16.04
U152,2024-07-12,2.0,1,303.33,6.07,9.1
U198,2024-07-12,2.0,1,145.72,2.91,4.38
U206,2024-07-12,2.5,2,334.55,8.36,8.37
U235,2024-07-12,2.5,1,132.05,3.3,3.3
U239,2024-07-12,2.5,1,301.49,7.54,7.53
U262,2024-07-12,2.5,2,346.23,8.66,8.65
U268,2024-07-12,2.5,1,295.16,7.38,7.38
U273,2024-07-12,2.5,1,228.56,5.71,5.72
U278,2024-07-12,2.5,1,39.96,1.0,1.0
U286,2024-07-12,2.5,1,342.54,8.56,8.57
U293,2024-07-12,2.5,2,66.41,1.66,1.66
U294,2024-07-12,2.5,1,16.5,0.41,0.42
U011,2024-07-13,1.5,1,257.37,3.86,9.01
U011,2024-07-13,1.5,1,250.31,3.75,8.77
U018,2024-07-13,1.5,1,183.25,2.75,6.41
U032,2024-07-13,1.5,1,241.38,3.62,8.45
U054,2024-07-13,1.5,1,133.62,2.0,4.68
U066,2024-07-13,1.5,1,244.99,3.67,8.58
U080,2024-07-13,1.5,1,546.21,8.19,19.12
U086,2024-07-13,1.5,2,399.77,6.0,13.99
U086,2024-07-13,1.5,1,547.72,8.22,19.17
U089,2024-07-13,1.5,1,538.75,8.08,18.86
U091,2024-07-13,1.5,1,584.72,8.77,20.47
U140,2024-07-13,2.0,1,512.0,10.24,15.36
U150,2024-07-13,2.0,1,323.33,6.47,9.7
U150,2024-07-13,2.0,1,307.8,6.16,9.23
U204,2024-07-13,2.5,1,23.62,0.59,0.59
U210,2024-07-13,2.5,1,145.44,3.64,3.63
U215,2024-07-13,2.5,2,138.62,3.47,3.46
U241,2024-07-13,2.5,1,46.48,1.16,1.16
U251,2024-07-13,2.5,1,331.24,8.28,8.28
U260,2024-07-13,2.5,1,84.31,2.11,2.11
U268,2024-07-13,2.5,1,252.37,6.31,6.31
U292,2024-07-13,2.5,1,225.79,5.64,5.65
U297,2024-07-13,2.5,1,25.51,0.64,0.64
U002,2024-07-14,1.5,1,316.05,4.74,11.06
U009,2024-07-14,1.5,2,463.67,6.96,16.22
U018,2024-07-14,1.5,1,202.23,3.03,7.08
U040,2024-07-14,1.5,2,285.06,4.28,9.97
U050,2024-07-14,1.5,1,383.4,5.75,13.42
U054,2024-07-14,1.5,1,242.73,3.64,8.5
U061,2024-07-14,1.5,2,526.36,7.9,18.42
U087,2024-07-14,1.5,1,206.99,3.1,7.25
U095,2024-07-14,1.5,1,353.93,5.31,12.39
U109,2024-07-14,2.0,2,285.28,5.71,8.55
U111,2024-07-14,2.0,1,347.86,6.96,10.43
U118,2024-07-14,2.0,1,172.45,3.45,5.17
U122,2024-07-14,2.0,1,456.37,9.13,13.69
U124,2024-07-14,2.0,1,366.23,7.32,10.99
U134,2024-07-14,2.0,1,207.46,4.15,6.22
U149,2024-07-14,2.0,2,389.93,7.8,11.7
U152,2024-07-14,2.0,1,298.1,5.96,8.95
U204,2024-07-14,2.5,1,36.27,0.91,0.9
U211,2024-07-14,2.5,1,20.94,0.52,0.53
U216,2024-07-14,2.5,1,23.23,0.58,0.58
U233,2024-07-14,2.5,1,17.85,0.45,0.44
U237,2024-07-14,2.5,1,345.75,8.64,8.65
U249,2024-07-14,2.5,1,220.53,5.51,5.52
U255,2024-07-14,2.5,1,165.89,4.15,4.14
U262,2024-07-14,2.5,1,226.47,5.66,5.66
U271,2024-07-14,2.5,1,279.66,6.99,6.99
U277,2024-07-14,2.5,1,158.33,3.96,3.96
U001,2024-07-15,1.5,1,67.86,1.02,2.37
U025,2024-07-15,1.5,1,468.31,7.02,16.4
U026,2024-07-15,1.5,1,297.32,4.46,10.41
U070,2024-07-15,1.5,2,423.32,6.35,14.82
U117,2024-07-15,2.0,1,276.48,5.53,8.29
U128,2024-07-15,2.0,1,306.92,6.14,9.21
U129,2024-07-15,2.0,1,401.82,8.04,12.05
U142,2024-07-15,2.0,2,318.36,6.37,9.55
U148,2024-07-15,2.0,2,473.07,9.46,14.19
U159,2024-07-15,2.0,1,329.76,6.6,9.89
U188,2024-07-15,2.0,2,287.99,5.76,8.64
U190,2024-07-15,2.0,1,128.74,2.57,3.87
U192,2024-07-15,2.0,1,80.31,1.61,2.41
U203,2024-07-15,2.5,2,271.55,6.79,6.79
U209,2024-07-15,2.5,1,122.62,3.07,3.06
U241,2024-07-15,2.5,1,127.26,3.18,3.18
U242,2024-07-15,2.5,1,135.82,3.4,3.39
U244,2024-07-15,2.5,1,234.76,5.87,5.87
U259,2024-07-15,2.5,2,108.43,2.71,2.71
U261,2024-07-15,2.5,1,234.07,5.85,5.85
U269,2024-07-15,2.5,1,249.4,6.24,6.23
U273,2024-07-15,2.5,1,124.54,3.11,3.12
U288,2024-07-15,2.5,1,220.91,5.52,5.53
U291,2024-07-15,2.5,1,326.15,8.15,8.16
U027,2024-07-16,1.5,1,587.89,8.82,20.57
U039,2024-07-16,1.5,1,566.45,8.5,19.82
U041,2024-07-16,1.5,1,328.96,4.93,11.52
U052,2024-07-16,1.5,2,143.16,2.15,5.01
U055,2024-07-16,1.5,1,283.84,4.26,9.93
U060,2024-07-16,1.5,1,187.98,2.82,6.58
U069,2024-07-16,1.5,1,97.01,1.46,3.39
U074,2024-07-16,1.5,1,367.72,5.52,12.87
U082,2024-07-16,1.5,1,238.52,3.58,8.35
U096,2024-07-16,1.5,1,191.99,2.88,6.72
U115,2024-07-16,2.0,1,113.87,2.28,3.41
U117,2024-07-16,2.0,1,387.78,7.76,11.63
U124,2024-07-16,2.0,1,520.07,10.4,15.6
U126,2024-07-16,2.0,1,400.02,8.0,12.0
U132,2024-07-16,2.0,1,495.37,9.91,14.86
U137,2024-07-16,2.0,1,513.49,10.27,15.4
U137,2024-07-16,2.0,1,131.47,2.63,3.94
U163,2024-07-16,2.0,2,490.24,9.8,14.71
U169,2024-07-16,2.0,2,419.67,8.39,12.59
U185,2024-07-16,2.0,1,120.13,2.4,3.61
U191,2024-07-16,2.0,1,483.59,9.67,14.51
U191,2024-07-16,2.0,1,214.35,4.29,6.43
U194,2024-07-16,2.0,1,196.78,3.94,5.9
U196,2024-07-16,2.0,1,509.67,10.19,15.29
U212,2024-07-16,2.5,1,309.04,7.73,7.72
U223,2024-07-16,2.5,1,281.39,7.03,7.04
U242,2024-07-16,2.5,1,208.54,5.21,5.22
U246,2024-07-16,2.5,2,118.5,2.96,2.97
U250,2024-07-16,2.5,1,138.12,3.45,3.46
U252,2024-07-16,2.5,1,281.3,7.03,7.04
U253,2024-07-16,2.5,2,19.5,0.49,0.49
U263,2024-07-16,2.5,1,334.68,8.37,8.36
U269,2024-07-16,2.5,1,162.59,4.06,4.07
U274,2024-07-16,2.5,1,139.49,3.49,3.48
U276,2024-07-16,2.5,1,11.84,0.3,0.29
U283,2024-07-16,2.5,1,345.96,8.65,8.65
U287,2024-07-16,2.5,1,127.0,3.18,3.17
U288,2024-07-16,2.5,2,193.25,4.83,4.83
U290,2024-07-16,2.5,1,275.64,6.89,6.89
U292,2024-07-16,2.5,1,267.62,6.69,6.69
U297,2024-07-16,2.5,2,345.11,8.63,8.63
U022,2024-07-17,1.5,1,181.95,2.73,6.37
U030,2024-07-17,1.5,1,577.41,8.66,20.21
U031,2024-07-17,1.5,1,243.39,3.65,8.52
U046,2024-07-17,1.5,1,171.45,2.57,6.0
U061,2024-07-17,1.5,1,401.01,6.02,14.03
U062,2024-07-17,1.5,1,89.33,1.34,3.13
U062,2024-07-17,1.5,1,595.58,8.93,20.85
U081,2024-07-17,1.5,1,492.22,7.38,17.23
U083,2024-07-17,1.5,1,545.49,8.18,19.09
U089,2024-07-17,1.5,2,196.31,2.94,6.88
U101,2024-07-17,2.0,1,489.25,9.79,14.67
U126,2024-07-17,2.0,1,533.58,10.67,16.01
U131,2024-07-17,2.0,1,124.54,2.49,3.74
U134,2024-07-17,2.0,1,491.44,9.83,14.74
U158,2024-07-17,2.0,2,295.23,5.9,8.86
U160,2024-07-17,2.0,1,169.81,3.4,5.09
U160,2024-07-17,2.0,1,396.81,7.94,11.9
U170,2024-07-17,2.0,2,519.5,10.39,15.59
U178,2024-07-17,2.0,1,400.65,8.01,12.02
U189,2024-07-17,2.0,1,221.96,4.44,6.66
U194,2024-07-17,2.0,1,508.23,10.16,15.25
U200,2024-07-17,2.0,2,447.78,8.96,13.43
U216,2024-07-17,2.5,1,116.22,2.91,2.9
U224,2024-07-17,2.5,1,262.47,6.56,6.56
U225,2024-07-17,2.5,1,235.76,5.89,5.9
U229,2024-07-17,2.5,1,74.71,1.87,1.87
U236,2024-07-17,2.5,1,126.08,3.15,3.15
U257,2024-07-17,2.5,1,165.69,4.14,4.14
U262,2024-07-17,2.5,1,18.21,0.46,0.45
U276,2024-07-17,2.5,2,346.65,8.67,8.66
U278,2024-07-17,2.5,1,144.03,3.6,3.6
U292,2024-07-17,2.5,1,125.23,3.13,3.13
U295,2024-07-17,2.5,1,253.64,6.34,6.34
U300,2024-07-17,2.5,1,152.49,3.81,3.81
U040,2024-07-18,1.5,1,341.46,5.12,11.95
U083,2024-07-18,1.5,1,209.58,3.14,7.34
U085,2024-07-18,1.5,2,531.79,7.98,18.61
U105,2024-07-18,2.0,1,254.77,5.1,7.64
U112,2024-07-18,2.0,1,210.29,4.21,6.3
U115,2024-07-18,2.0,1,147.11,2.94,4.42
U121,2024-07-18,2.0,1,465.49,9.31,13.96
U144,2024-07-18,2.0,2,371.81,7.44,11.15
U151,2024-07-18,2.0,1,208.86,4.18,6.26
U151,2024-07-18,2.0,1,350.69,7.01,10.52
U153,2024-07-18,2.0,1,187.76,3.76,5.63
U156,2024-07-18,2.0,1,474.48,9.49,14.23
U172,2024-07-18,2.0,1,431.12,8.62,12.94
U186,2024-07-18,2.0,1,203.86,4.08,6.11
U186,2024-07-18,2.0,2,369.31,7.39,11.08
U188,2024-07-18,2.0,1,446.55,8.93,13.4
U207,2024-07-18,2.5,1,342.04,8.55,8.55
U216,2024-07-18,2.5,2,40.38,1.01,1.01
U233,2024-07-18,2.5,1,302.96,7.57,7.58
U239,2024-07-18,2.5,1,307.52,7.69,7.69
U250,2024-07-18,2.5,1,302.45,7.56,7.56
U254,2024-07-18,2.5,1,311.54,7.79,7.79
U256,2024-07-18,2.5,1,15.54,0.39,0.39
U278,2024-07-18,2.5,1,211.72,5.29,5.3
U289,2024-07-18,2.5,1,284.1,7.1,7.11
U010,2024-07-19,1.5,2,102.93,1.54,3.61
U012,2024-07-19,1.5,1,352.75,5.29,12.35
U015,2024-07-19,1.5,1,356.93,5.35,12.5
U018,2024-07-19,1.5,2,520.46,7.81,18.21
U019,2024-07-19,1.5,2,269.34,4.04,9.43
U036,2024-07-19,1.5,1,54.57,0.82,1.91
U039,2024-07-19,1.5,1,416.2,6.24,14.57
U060,2024-07-19,1.5,1,74.72,1.12,2.62
U068,2024-07-19,1.5,1,351.34,5.27,12.3
U069,2024-07-19,1.5,1,323.03,4.85,11.3
U078,2024-07-19,1.5,1,172.04,2.58,6.02
U084,2024-07-19,1.5,1,580.61,8.71,20.32
U087,2024-07-19,1.5,1,542.88,8.14,19.0
U097,2024-07-19,1.5,1,473.63,7.1,16.58
U106,2024-07-19,2.0,1,455.02,9.1,13.65
U123,2024-07-19,2.0,1,219.4,4.39,6.58
U124,2024-07-19,2.0,1,287.91,5.76,8.64
U138,2024-07-19,2.0,2,197.33,3.95,5.92
U141,2024-07-19,2.0,1,277.14,5.54,8.32
U144,2024-07-19,2.0,1,498.87,9.98,14.96
U158,2024-07-19,2.0,2,487.85,9.76,14.63
U171,2024-07-19,2.0,2,210.44,4.21,6.31
U179,2024-07-19,2.0,1,412.86,8.26,12.38
U189,2024-07-19,2.0,1,446.53,8.93,13.4
U193,2024-07-19,2.0,2,286.48,5.73,8.59
U205,2024-07-19,2.5,1,189.35,4.73,4.74
U210,2024-07-19,2.5,1,194.38,4.86,4.86
U224,2024-07-19,2.5,1,89.48,2.24,2.23
U227,2024-07-19,2.5,1,123.67,3.09,3.09
U240,2024-07-19,2.5,1,11.83,0.3,0.29
U250,2024-07-19,2.5,1,181.48,4.54,4.53
U255,2024-07-19,2.5,2,185.14,4.63,4.63
U267,2024-07-19,2.5,1,244.85,6.12,6.12
U270,2024-07-19,2.5,1,166.11,4.15,4.16
U276,2024-07-19,2.5,1,139.81,3.5,3.49
U276,2024-07-19,2.5,1,193.01,4.83,4.82
U005,2024-07-20,1.5,2,278.44,4.18,9.74
U011,2024-07-20,1.5,1,500.73,7.51,17.53
U012,2024-07-20,1.5,1,341.25,5.12,11.94
U022,2024-07-20,1.5,2,275.87,4.14,9.65
U037,2024-07-20,1.5,1,77.93,1.17,2.73
U041,2024-07-20,1.5,1,469.35,7.04,16.43
U055,2024-07-20,1.5,1,326.91,4.9,11.45
U063,2024-07-20,1.5,1,438.45,6.58,15.34
U095,2024-07-20,1.5,1,406.93,6.1,14.25
U101,2024-07-20,2.0,1,213.15,4.26,6.4
U126,2024-07-20,2.0,1,445.96,8.92,13.38
U126,2024-07-20,2.0,1,306.46,6.13,9.19
U136,2024-07-20,2.0,2,545.09,10.9,16.35
U171,2024-07-20,2.0,1,458.48,9.17,13.75
U186,2024-07-20,2.0,1,337.49,6.75,10.12
U186,2024-07-20,2.0,1,385.81,7.72,11.57
U193,2024-07-20,2.0,1,170.37,3.41,5.11
U196,2024-07-20,2.0,1,526.34,10.53,15.79
U204,2024-07-20,2.5,2,121.91,3.05,3.05
U218,2024-07-20,2.5,1,304.2,7.61,7.6
U218,2024-07-20,2.5,1,305.93,7.65,7.65
U235,2024-07-20,2.5,1,77.78,1.94,1.95
U251,2024-07-20,2.5,2,192.52,4.81,4.82
U262,2024-07-20,2.5,1,148.71,3.72,3.72
U264,2024-07-20,2.5,1,69.0,1.73,1.72
U277,2024-07-20,2.5,1,54.1,1.35,1.35
U297,2024-07-20,2.5,1,176.33,4.41,4.41
U298,2024-07-20,2.5,1,31.56,0.79,0.79
U001,2024-07-21,1.5,1,538.65,8.08,18.85
U006,2024-07-21,1.5,2,132.79,1.99,4.65
U024,2024-07-21,1.5,1,61.12,0.92,2.14
U054,2024-07-21,1.5,1,185.44,2.78,6.49
U056,2024-07-21,1.5,1,148.37,2.23,5.19
U058,2024-07-21,1.5,1,86.61,1.3,3.03
U144,2024-07-21,2.0,1,338.26,6.77,10.14
U145,2024-07-21,2.0,1,500.07,10.0,15.0
U165,2024-07-21,2.0,1,315.98,6.32,9.48
U170,2024-07-21,2.0,2,544.48,10.89,16.33
U173,2024-07-21,2.0,1,417.71,8.35,12.54
U180,2024-07-21,2.0,1,424.23,8.48,12.73
U180,2024-07-21,2.0,1,406.31,8.13,12.19
U221,2024-07-21,2.5,1,273.67,6.84,6.84
U228,2024-07-21,2.5,1,143.48,3.59,3.58
U231,2024-07-21,2.5,1,31.51,0.79,0.79
U236,2024-07-21,2.5,2,15.1,0.38,0.38
U236,2024-07-21,2.5,1,44.08,1.1,1.1
U252,2024-07-21,2.5,2,90.87,2.27,2.27
U256,2024-07-21,2.5,1,57.73,1.44,1.45
U258,2024-07-21,2.5,1,28.96,0.72,0.73
U269,2024-07-21,2.5,1,274.62,6.87,6.86
U288,2024-07-21,2.5,2,229.61,5.74,5.74
U292,2024-07-21,2.5,1,327.07,8.18,8.17
U050,2024-07-22,1.5,1,221.91,3.33,7.77
U063,2024-07-22,1.5,1,110.72,1.66,3.88
U064,2024-07-22,1.5,1,61.63,0.92,2.16
U072,2024-07-22,1.5,1,282.27,4.23,9.88
U076,2024-07-22,1.5,2,297.6,4.46,10.42
U087,2024-07-22,1.5,1,284.34,4.27,9.95
U089,2024-07-22,1.5,1,405.2,6.08,14.18
U108,2024-07-22,2.0,1,338.39,6.77,10.15
U113,2024-07-22,2.0,1,155.42,3.11,4.66
U131,2024-07-22,2.0,1,541.6,10.83,16.25
U133,2024-07-22,2.0,1,398.96,7.98,11.97
U136,2024-07-22,2.0,1,129.11,2.58,3.88
U139,2024-07-22,2.0,1,158.73,3.17,4.77
U154,2024-07-22,2.0,1,188.62,3.77,5.66
U155,2024-07-22,2.0,1,493.48,9.87,14.8
U156,2024-07-22,2.0,1,294.89,5.9,8.84
U163,2024-07-22,2.0,1,97.91,1.96,2.94
U184,2024-07-22,2.0,1,111.89,2.24,3.35
U201,2024-07-22,2.5,1,316.29,7.91,7.9
U219,2024-07-22,2.5,1,27.45,0.69,0.68
U227,2024-07-22,2.5,1,347.57,8.69,8.69
U242,2024-07-22,2.5,1,343.35,8.58,8.59
U243,2024-07-22,2.5,1,204.67,5.12,5.11
U252,2024-07-22,2.5,1,89.77,2.24,2.25
U253,2024-07-22,2.5,1,229.09,5.73,5.72
U254,2024-07-22,2.5,1,40.49,1.01,1.01
U263,2024-07-22,2.5,1,88.18,2.2,2.21
U266,2024-07-22,2.5,2,52.06,1.3,1.3
U267,2024-07-22,2.5,1,302.38,7.56,7.56
U299,2024-07-22,2.5,2,103.34,2.58,2.59
U010,2024-07-23,1.5,1,86.17,1.29,3.02
U011,2024-07-23,1.5,1,531.73,7.98,18.61
U035,2024-07-23,1.5,1,152.89,2.29,5.35
U040,2024-07-23,1.5,1,402.06,6.03,14.07
U064,2024-07-23,1.5,1,445.7,6.69,15.59
U069,2024-07-23,1.5,1,474.07,7.11,16.59
U085,2024-07-23,1.5,1,403.65,6.05,14.13
U092,2024-07-23,1.5,2,290.19,4.35,10.16
U112,2024-07-23,2.0,1,102.39,2.05,3.07
U119,2024-07-23,2.0,1,486.46,9.73,14.59
U136,2024-07-23,2.0,2,239.54,4.79,7.19
U138,2024-07-23,2.0,1,125.61,2.51,3.77
U147,2024-07-23,2.0,2,191.14,3.82,5.74
U159,2024-07-23,2.0,1,463.33,9.27,13.9
U162,2024-07-23,2.0,1,489.37,9.79,14.68
U167,2024-07-23,2.0,1,84.24,1.68,2.53
U176,2024-07-23,2.0,1,346.66,6.93,10.4
U187,2024-07-23,2.0,1,208.77,4.18,6.26
U192,2024-07-23,2.0,1,350.74,7.01,10.53
U205,2024-07-23,2.5,1,320.08,8.0,8.0
U227,2024-07-23,2.5,2,214.11,5.35,5.36
U235,2024-07-23,2.5,1,270.15,6.75,6.76
U244,2024-07-23,2.5,1,332.4,8.31,8.31
U269,2024-07-23,2.5,1,146.91,3.67,3.68
U274,2024-07-23,2.5,1,27.94,0.7,0.7
U275,2024-07-23,2.5,1,203.77,5.09,5.1
U283,2024-07-23,2.5,1,105.94,2.65,2.65
U294,2024-07-23,2.5,2,66.81,1.67,1.67
U004,2024-07-24,1.5,1,590.17,8.85,20.66
U007,2024-07-24,1.5,1,580.58,8.71,20.32
U038,2024-07-24,1.5,1,390.38,5.86,13.66
U039,2024-07-24,1.5,2,460.61,6.91,16.12
U050,2024-07-24,1.5,1,527.32,7.91,18.46
U056,2024-07-24,1.5,1,454.74,6.82,15.92
U064,2024-07-24,1.5,1,58.37,0.88,2.04
U068,2024-07-24,1.5,1,400.26,6.0,14.01
U070,2024-07-24,1.5,1,413.94,6.21,14.49
U082,2024-07-24,1.5,1,142.73,2.14,5.0
U088,2024-07-24,1.5,1,499.35,7.49,17.48
U101,2024-07-24,2.0,1,144.78,2.9,4.34
U112,2024-07-24,2.0,1,399.4,7.99,11.98
U125,2024-07-24,2.0,1,384.82,7.7,11.54
U126,2024-07-24,2.0,1,309.3,6.19,9.28
U128,2024-07-24,2.0,1,466.11,9.32,13.99
U132,2024-07-24,2.0,1,165.58,3.31,4.97
U133,2024-07-24,2.0,1,283.04,5.66,8.49
U139,2024-07-24,2.0,1,513.92,10.28,15.42
U152,2024-07-24,2.0,1,153.34,3.07,4.6
U163,2024-07-24,2.0,1,334.08,6.68,10.02
U166,2024-07-24,2.0,2,162.17,3.24,4.87
U179,2024-07-24,2.0,1,544.37,10.89,16.33
U183,2024-07-24,2.0,1,211.58,4.23,6.35
U191,2024-07-24,2.0,1,452.37,9.05,13.57
U230,2024-07-24,2.5,1,323.09,8.08,8.07
U232,2024-07-24,2.5,1,247.73,6.19,6.2
U243,2024-07-24,2.5,1,36.72,0.92,0.92
U246,2024-07-24,2.5,1,179.68,4.49,4.49
U251,2024-07-24,2.5,2,161.42,4.04,4.03
U273,2024-07-24,2.5,1,130.59,3.26,3.27
U276,2024-07-24,2.5,1,134.47,3.36,3.36
U297,2024-07-24,2.5,1,209.27,5.23,5.23
U298,2024-07-24,2.5,1,207.23,5.18,5.18
U001,2024-07-25,1.5,1,182.57,2.74,6.39
U006,2024-07-25,1.5,1,302.45,4.54,10.58
U024,2024-07-25,1.5,1,457.2,6.86,16.0
U032,2024-07-25,1.5,1,479.92,7.2,16.8
U050,2024-07-25,1.5,2,242.76,3.64,8.5
U064,2024-07-25,1.5,1,215.99,3.24,7.56
U066,2024-07-25,1.5,1,194.18,2.91,6.8
U077,2024-07-25,1.5,1,170.13,2.55,5.96
U078,2024-07-25,1.5,1,594.06,8.91,20.79
U082,2024-07-25,1.5,1,580.99,8.71,20.34
U099,2024-07-25,1.5,1,154.99,2.32,5.43
U100,2024-07-25,1.5,1,390.94,5.86,13.69
U106,2024-07-25,2.0,1,519.06,10.38,15.57
U133,2024-07-25,2.0,1,444.67,8.89,13.34
U140,2024-07-25,2.0,1,499.99,10.0,15.0
U144,2024-07-25,2.0,1,332.2,6.64,9.97
U171,2024-07-25,2.0,1,474.61,9.49,14.24
U174,2024-07-25,2.0,1,465.02,9.3,13.95
U179,2024-07-25,2.0,2,221.51,4.43,6.65
U199,2024-07-25,2.0,2,265.95,5.32,7.98
U200,2024-07-25,2.0,1,311.15,6.22,9.34
U206,2024-07-25,2.5,1,161.35,4.03,4.04
U217,2024-07-25,2.5,1,129.7,3.24,3.24
U223,2024-07-25,2.5,1,66.78,1.67,1.67
U227,2024-07-25,2.5,1,194.39,4.86,4.86
U232,2024-07-25,2.5,1,24.51,0.61,0.62
U242,2024-07-25,2.5,1,191.95,4.8,4.8
U243,2024-07-25,2.5,1,43.38,1.08,1.09
U245,2024-07-25,2.5,2,304.84,7.62,7.62
U254,2024-07-25,2.5,1,235.97,5.9,5.9
U283,2024-07-25,2.5,1,204.46,5.11,5.11
U003,2024-07-26,1.5,2,305.76,4.59,10.7
U008,2024-07-26,1.5,1,59.97,0.9,2.1
U027,2024-07-26,1.5,1,212.78,3.19,7.45
U041,2024-07-26,1.5,1,548.63,8.23,19.2
U057,2024-07-26,1.5,1,203.54,3.05,7.13
U078,2024-07-26,1.5,1,108.31,1.62,3.8
U080,2024-07-26,1.5,1,409.92,6.15,14.35
U083,2024-07-26,1.5,1,596.59,8.95,20.88
U084,2024-07-26,1.5,1,307.85,4.62,10.77
U086,2024-07-26,1.5,1,71.56,1.07,2.51
U090,2024-07-26,1.5,1,404.45,6.07,14.15
U093,2024-07-26,1.5,1,409.84,6.15,14.34
U128,2024-07-26,2.0,1,488.98,9.78,14.67
U134,2024-07-26,2.0,1,383.28,7.67,11.49
U135,2024-07-26,2.0,1,323.07,6.46,9.69
U142,2024-07-26,2.0,1,265.86,5.32,7.97
U159,2024-07-26,2.0,1,466.42,9.33,13.99
U163,2024-07-26,2.0,1,162.08,3.24,4.86
U172,2024-07-26,2.0,1,401.38,8.03,12.04
U177,2024-07-26,2.0,1,543.86,10.88,16.31
U190,2024-07-26,2.0,1,148.49,2.97,4.45
U209,2024-07-26,2.5,1,343.98,8.6,8.6
U210,2024-07-26,2.5,1,13.4,0.34,0.33
U240,2024-07-26,2.5,1,191.23,4.78,4.78
U246,2024-07-26,2.5,1,103.53,2.59,2.59
U254,2024-07-26,2.5,1,287.7,7.19,7.19
U255,2024-07-26,2.5,1,243.39,6.08,6.09
U285,2024-07-26,2.5,1,204.89,5.12,5.12
U009,2024-07-27,1.5,1,382.54,5.74,13.39
U010,2024-07-27,1.5,1,520.55,7.81,18.22
U025,2024-07-27,1.5,1,198.49,2.98,6.94
U027,2024-07-27,1.5,1,78.95,1.18,2.77
U060,2024-07-27,1.5,1,574.65,8.62,20.11
U074,2024-07-27,1.5,1,532.27,7.98,18.63
U091,2024-07-27,1.5,1,526.82,7.9,18.44
U106,2024-07-27,2.0,1,378.82,7.58,11.36
U108,2024-07-27,2.0,2,131.56,2.63,3.95
U128,2024-07-27,2.0,1,465.61,9.31,13.97
U156,2024-07-27,2.0,1,508.16,10.16,15.25
U164,2024-07-27,2.0,1,406.97,8.14,12.21
U180,2024-07-27,2.0,1,538.13,10.76,16.15
U185,2024-07-27,2.0,1,504.41,10.09,15.13
U186,2024-07-27,2.0,2,315.69,6.31,9.47
U187,2024-07-27,2.0,1,433.35,8.67,13.0
U216,2024-07-27,2.5,1,152.54,3.81,3.82
U216,2024-07-27,2.5,1,164.32,4.11,4.11
U229,2024-07-27,2.5,1,319.76,7.99,8.0
U232,2024-07-27,2.5,1,45.46,1.14,1.13
U243,2024-07-27,2.5,1,271.42,6.79,6.78
U262,2024-07-27,2.5,1,67.22,1.68,1.68
U269,2024-07-27,2.5,1,80.64,2.02,2.01
U287,2024-07-27,2.5,1,322.09,8.05,8.05
U289,2024-07-27,2.5,1,101.74,2.54,2.55
U292,2024-07-27,2.5,1,242.0,6.05,6.05
U020,2024-07-28,1.5,1,297.03,4.46,10.39
U023,2024-07-28,1.5,2,592.14,8.88,20.73
U027,2024-07-28,1.5,1,464.49,6.97,16.25
U051,2024-07-28,1.5,1,441.57,6.62,15.46
U062,2024-07-28,1.5,1,213.28,3.2,7.46
U076,2024-07-28,1.5,1,462.96,6.94,16.21
U080,2024-07-28,1.5,1,553.76,8.31,19.38
U089,2024-07-28,1.5,1,411.51,6.17,14.41
U126,2024-07-28,2.0,2,156.86,3.14,4.7
U132,2024-07-28,2.0,1,448.46,8.97,13.45
U132,2024-07-28,2.0,1,418.8,8.38,12.56
U146,2024-07-28,2.0,1,540.77,10.82,16.22
U152,2024-07-28,2.0,1,280.24,5.6,8.41
U173,2024-07-28,2.0,1,130.67,2.61,3.92
U186,2024-07-28,2.0,2,450.78,9.02,13.52
U186,2024-07-28,2.0,2,459.82,9.2,13.79
U198,2024-07-28,2.0,1,192.24,3.84,5.77
U199,2024-07-28,2.0,1,266.11,5.32,7.99
U203,2024-07-28,2.5,1,100.25,2.51,2.5
U207,2024-07-28,2.5,2,226.94,5.67,5.68
U222,2024-07-28,2.5,1,61.55,1.54,1.54
U227,2024-07-28,2.5,1,89.53,2.24,2.24
U241,2024-07-28,2.5,1,336.21,8.41,8.4
U272,2024-07-28,2.5,2,251.49,6.29,6.28
U276,2024-07-28,2.5,2,18.5,0.46,0.47
U297,2024-07-28,2.5,1,93.42,2.34,2.33
U013,2024-07-29,1.5,1,188.69,2.83,6.6
U015,2024-07-29,1.5,1,177.46,2.66,6.21
U015,2024-07-29,1.5,1,530.49,7.96,18.56
U022,2024-07-29,1.5,1,368.7,5.53,12.9
U038,2024-07-29,1.5,2,123.6,1.85,4.33
U060,2024-07-29,1.5,2,238.43,3.58,8.34
U075,2024-07-29,1.5,1,214.32,3.21,7.51
U099,2024-07-29,1.5,1,210.68,3.16,7.37
U188,2024-07-29,2.0,1,478.41,9.57,14.35
U201,2024-07-29,2.5,2,264.4,6.61,6.61
U234,2024-07-29,2.5,1,75.05,1.88,1.87
U234,2024-07-29,2.5,1,29.19,0.73,0.73
U238,2024-07-29,2.5,1,289.15,7.23,7.23
U249,2024-07-29,2.5,1,126.83,3.17,3.17
U266,2024-07-29,2.5,1,237.6,5.94,5.94
U270,2024-07-29,2.5,1,118.01,2.95,2.95
U271,2024-07-29,2.5,2,50.14,1.25,1.26
U289,2024-07-29,2.5,2,255.64,6.39,6.39
U290,2024-07-29,2.5,2,198.24,4.96,4.95
U292,2024-07-29,2.5,2,155.63,3.89,3.89
U020,2024-07-30,1.5,1,109.41,1.64,3.83
U021,2024-07-30,1.5,1,236.78,3.55,8.29
U041,2024-07-30,1.5,1,385.64,5.78,13.5
U042,2024-07-30,1.5,1,480.91,7.21,16.84
U066,2024-07-30,1.5,2,449.95,6.75,15.75
U077,2024-07-30,1.5,1,92.03,1.38,3.22
U085,2024-07-30,1.5,1,121.32,1.82,4.25
U119,2024-07-30,2.0,1,480.18,9.6,14.41
U135,2024-07-30,2.0,2,339.04,6.78,10.17
U141,2024-07-30,2.0,1,246.58,4.93,7.4
U147,2024-07-30,2.0,1,436.65,8.73,13.1
U154,2024-07-30,2.0,1,263.76,5.28,7.91
U185,2024-07-30,2.0,2,464.96,9.3,13.95
U185,2024-07-30,2.0,1,364.5,7.29,10.94
U193,2024-07-30,2.0,1,405.98,8.12,12.18
U205,2024-07-30,2.5,1,23.71,0.59,0.6
U209,2024-07-30,2.5,1,298.24,7.46,7.45
U212,2024-07-30,2.5,1,331.19,8.28,8.28
U217,2024-07-30,2.5,2,181.44,4.54,4.53
U228,2024-07-30,2.5,1,194.52,4.86,4.87
U233,2024-07-30,2.5,1,221.86,5.55,5.54
U249,2024-07-30,2.5,2,341.2,8.53,8.53
U250,2024-07-30,2.5,1,103.46,2.59,2.58
U258,2024-07-30,2.5,2,130.41,3.26,3.26
U269,2024-07-30,2.5,1,181.2,4.53,4.53
U273,2024-07-30,2.5,1,289.43,7.24,7.23
U282,2024-07-30,2.5,1,267.4,6.68,6.69
U034,2024-07-31,1.5,1,92.94,1.39,3.26
U035,2024-07-31,1.5,1,125.41,1.88,4.39
U038,2024-07-31,1.5,2,138.7,2.08,4.85
U072,2024-07-31,1.5,2,333.25,5.0,11.66
U103,2024-07-31,2.0,2,508.46,10.17,15.25
U108,2024-07-31,2.0,1,500.11,10.0,15.01
U125,2024-07-31,2.0,1,541.61,10.83,16.25
U137,2024-07-31,2.0,1,109.72,2.19,3.3
U138,2024-07-31,2.0,1,165.9,3.32,4.97
U146,2024-07-31,2.0,1,276.31,5.53,8.29
U155,2024-07-31,2.0,1,212.34,4.25,6.37
U160,2024-07-31,2.0,1,82.51,1.65,2.48
U166,2024-07-31,2.0,1,207.84,4.16,6.23
U168,2024-07-31,2.0,2,327.0,6.54,9.81
U172,2024-07-31,2.0,1,295.53,5.91,8.87
U183,2024-07-31,2.0,2,367.78,7.36,11.03
U194,2024-07-31,2.0,2,215.96,4.32,6.48
U199,2024-07-31,2.0,1,138.52,2.77,4.16
U223,2024-07-31,2.5,1,242.0,6.05,6.05
U227,2024-07-31,2.5,1,42.12,1.05,1.06
U234,2024-07-31,2.5,1,142.1,3.55,3.56
U241,2024-07-31,2.5,1,349.05,8.73,8.72
U244,2024-07-31,2.5,1,166.55,4.16,4.17
U266,2024-07-31,2.5,1,248.67,6.22,6.21
U283,2024-07-31,2.5,1,342.14,8.55,8.56
U287,2024-07-31,2.5,1,229.6,5.74,5.74
U294,2024-07-31,2.5,1,326.01,8.15,8.15
U294,2024-07-31,2.5,1,197.13,4.93,4.93
U296,2024-07-31,2.5,2,177.49,4.44,4.43
U297,2024-07-31,2.5,1,65.35,1.63,1.64
U300,2024-07-31,2.5,1,263.75,6.59,6.6
U004,2024-08-01,1.5,1,575.26,8.63,20.13
U004,2024-08-01,1.5,1,598.73,8.98,20.96
U012,2024-08-01,1.5,1,479.8,7.2,16.79
U019,2024-08-01,1.5,1,461.02,6.92,16.13
U021,2024-08-01,1.5,1,195.05,2.93,6.82
U029,2024-08-01,1.5,1,555.7,8.34,19.45
U042,2024-08-01,1.5,1,252.98,3.79,8.86
U054,2024-08-01,1.5,1,144.12,2.16,5.05
U059,2024-08-01,1.5,1,344.13,5.16,12.05
U061,2024-08-01,1.5,1,272.83,4.09,9.55
U068,2024-08-01,1.5,1,523.18,7.85,18.31
U077,2024-08-01,1.5,1,159.52,2.39,5.59
U086,2024-08-01,1.5,1,537.46,8.06,18.81
U093,2024-08-01,1.5,2,272.68,4.09,9.54
U130,2024-08-01,2.0,1,427.07,8.54,12.81
U150,2024-08-01,2.0,2,81.31,1.63,2.44
U163,2024-08-01,2.0,1,517.77,10.36,15.53
U178,2024-08-01,2.0,1,157.29,3.15,4.71
U182,2024-08-01,2.0,1,508.93,10.18,15.27
U186,2024-08-01,2.0,1,268.37,5.37,8.05
U194,2024-08-01,2.0,1,89.16,1.78,2.68
U196,2024-08-01,2.0,1,86.38,1.73,2.59
U207,2024-08-01,2.5,1,219.31,5.48,5.49
U225,2024-08-01,2.5,2,191.16,4.78,4.78
U232,2024-08-01,2.5,1,68.09,1.7,1.7
U248,2024-08-01,2.5,2,69.96,1.75,1.75
U266,2024-08-01,2.5,1,34.23,0.86,0.85
U274,2024-08-01,2.5,1,43.59,1.09,1.09
U299,2024-08-01,2.5,1,208.19,5.2,5.21
U027,2024-08-02,1.5,1,589.43,8.84,20.63
U035,2024-08-02,1.5,1,395.95,5.94,13.86
U044,2024-08-02,1.5,1,244.33,3.66,8.56
U064,2024-08-02,1.5,1,207.23,3.11,7.25
U065,2024-08-02,1.5,1,167.62,2.51,5.87
U069,2024-08-02,1.5,1,254.35,3.82,8.9
U075,2024-08-02,1.5,1,214.97,3.22,7.53
U102,2024-08-02,2.0,1,235.83,4.72,7.07
U102,2024-08-02,2.0,1,147.97,2.96,4.44
U107,2024-08-02,2.0,1,347.26,6.95,10.41
U114,2024-08-02,2.0,1,122.05,2.44,3.66
U131,2024-08-02,2.0,1,310.77,6.22,9.32
U134,2024-08-02,2.0,1,442.17,8.84,13.27
U137,2024-08-02,2.0,1,256.37,5.13,7.69
U154,2024-08-02,2.0,1,268.44,5.37,8.05
U160,2024-08-02,2.0,1,97.68,1.95,2.93
U185,2024-08-02,2.0,1,435.23,8.7,13.06
U189,2024-08-02,2.0,1,438.83,8.78,13.16
U190,2024-08-02,2.0,1,490.08,9.8,14.7
U198,2024-08-02,2.0,1,310.98,6.22,9.33
U210,2024-08-02,2.5,1,110.61,2.77,2.76
U210,2024-08-02,2.5,2,325.72,8.14,8.15
U223,2024-08-02,2.5,2,255.15,6.38,6.38
U232,2024-08-02,2.5,1,30.39,0.76,0.76
U250,2024-08-02,2.5,1,194.26,4.86,4.85
U260,2024-08-02,2.5,1,48.71,1.22,1.22
U267,2024-08-02,2.5,2,13.36,0.33,0.34
U282,2024-08-02,2.5,1,183.81,4.6,4.59
U296,2024-08-02,2.5,1,348.56,8.71,8.72
U005,2024-08-03,1.5,1,541.39,8.12,18.95
U019,2024-08-03,1.5,1,374.01,5.61,13.09
U020,2024-08-03,1.5,1,333.81,5.01,11.68
U043,2024-08-03,1.5,1,433.78,6.51,15.18
U045,2024-08-03,1.5,1,127.18,1.91,4.45
U053,2024-08-03,1.5,1,567.41,8.51,19.86
U055,2024-08-03,1.5,1,398.35,5.98,13.94
U069,2024-08-03,1.5,1,406.43,6.1,14.22
U096,2024-08-03,1.5,2,109.36,1.64,3.83
U096,2024-08-03,1.5,1,582.19,8.73,20.38
U113,2024-08-03,2.0,1,491.72,9.83,14.76
U161,2024-08-03,2.0,1,161.74,3.23,4.86
U192,2024-08-03,2.0,1,117.07,2.34,3.51
U197,2024-08-03,2.0,1,370.23,7.4,11.11
U203,2024-08-03,2.5,2,79.39,1.98,1.99
U203,2024-08-03,2.5,1,20.04,0.5,0.5
U213,2024-08-03,2.5,1,303.79,7.59,7.6
U223,2024-08-03,2.5,1,11.69,0.29,0.29
U250,2024-08-03,2.5,2,190.07,4.75,4.75
U259,2024-08-03,2.5,1,157.07,3.93,3.92
U267,2024-08-03,2.5,1,19.83,0.5,0.49
U280,2024-08-03,2.5,1,57.42,1.44,1.43
U293,2024-08-03,2.5,1,253.97,6.35,6.35
U004,2024-08-04,1.5,2,307.39,4.61,10.76
U017,2024-08-04,1.5,1,60.97,0.91,2.14
U026,2024-08-04,1.5,1,148.62,2.23,5.2
U031,2024-08-04,1.5,1,155.63,2.33,5.45
U037,2024-08-04,1.5,1,382.66,5.74,13.39
U038,2024-08-04,1.5,2,120.21,1.8,4.21
U058,2024-08-04,1.5,1,153.49,2.3,5.37
U077,2024-08-04,1.5,1,531.07,7.97,18.58
U084,2024-08-04,1.5,1,281.43,4.22,9.85
U088,2024-08-04,1.5,2,415.52,6.23,14.55
U147,2024-08-04,2.0,1,94.13,1.88,2.83
U147,2024-08-04,2.0,1,495.02,9.9,14.85
U158,2024-08-04,2.0,2,414.26,8.29,12.42
U158,2024-08-04,2.0,1,419.59,8.39,12.59
U160,2024-08-04,2.0,1,518.02,10.36,15.54
U178,2024-08-04,2.0,1,491.73,9.83,14.76
U200,2024-08-04,2.0,1,482.56,9.65,14.48
U217,2024-08-04,2.5,2,61.01,1.53,1.52
U228,2024-08-04,2.5,1,122.41,3.06,3.06
U237,2024-08-04,2.5,1,73.98,1.85,1.85
U237,2024-08-04,2.5,1,49.49,1.24,1.23
U242,2024-08-04,2.5,1,138.97,3.47,3.48
U261,2024-08-04,2.5,1,209.02,5.23,5.22
U300,2024-08-04,2.5,1,167.9,4.2,4.2
U019,2024-08-05,1.5,1,554.23,8.31,19.4
U021,2024-08-05,1.5,1,272.62,4.09,9.54
U033,2024-08-05,1.5,1,477.82,7.17,16.72
U069,2024-08-05,1.5,1,139.73,2.1,4.89
U092,2024-08-05,1.5,1,119.0,1.78,4.17
U097,2024-08-05,1.5,1,599.66,8.99,20.99
U114,2024-08-05,2.0,1,356.24,7.12,10.69
U116,2024-08-05,2.0,1,218.66,4.37,6.56
U116,2024-08-05,2.0,1,456.01,9.12,13.68
U118,2024-08-05,2.0,1,207.87,4.16,6.23
U132,2024-08-05,2.0,1,92.96,1.86,2.79
U156,2024-08-05,2.0,2,325.26,6.51,9.75
U167,2024-08-05,2.0,1,124.43,2.49,3.73
U182,2024-08-05,2.0,1,453.98,9.08,13.62
U196,2024-08-05,2.0,1,454.49,9.09,13.63
U237,2024-08-05,2.5,1,229.57,5.74,5.74
U254,2024-08-05,2.5,1,348.64,8.72,8.71
U262,2024-08-05,2.5,1,178.5,4.46,4.47
U281,2024-08-05,2.5,1,234.57,5.86,5.87
U284,2024-08-05,2.5,1,172.81,4.32,4.32
U289,2024-08-05,2.5,1,340.54,8.51,8.52
U293,2024-08-05,2.5,2,313.02,7.83,7.82
U003,2024-08-06,1.5,1,440.69,6.61,15.42
U017,2024-08-06,1.5,1,402.28,6.03,14.08
U025,2024-08-06,1.5,1,286.54,4.3,10.03
U026,2024-08-06,1.5,2,178.52,2.68,6.25
U046,2024-08-06,1.5,1,53.59,0.8,1.88
U054,2024-08-06,1.5,1,144.28,2.16,5.05
U061,2024-08-06,1.5,1,64.4,0.97,2.25
U063,2024-08-06,1.5,1,445.56,6.68,15.6
U088,2024-08-06,1.5,1,354.73,5.32,12.42
U108,2024-08-06,2.0,1,414.61,8.29,12.44
U110,2024-08-06,2.0,1,162.64,3.25,4.88
U119,2024-08-06,2.0,1,481.25,9.62,14.44
U120,2024-08-06,2.0,1,473.24,9.46,14.2
U136,2024-08-06,2.0,1,163.11,3.26,4.9
U144,2024-08-06,2.0,1,314.43,6.29,9.43
U153,2024-08-06,2.0,1,386.36,7.73,11.59
U154,2024-08-06,2.0,2,277.7,5.55,8.34
U169,2024-08-06,2.0,1,166.99,3.34,5.01
U181,2024-08-06,2.0,2,189.77,3.8,5.69
U182,2024-08-06,2.0,1,457.87,9.16,13.73
U188,2024-08-06,2.0,2,508.38,10.17,15.25
U201,2024-08-06,2.5,1,190.06,4.75,4.75
U263,2024-08-06,2.5,2,248.52,6.21,6.22
U003,2024-08-07,1.5,2,243.89,3.66,8.53
U006,2024-08-07,1.5,1,76.99,1.15,2.7
U055,2024-08-07,1.5,1,531.73,7.98,18.61
U087,2024-08-07,1.5,2,498.46,7.48,17.44
U091,2024-08-07,1.5,2,76.43,1.15,2.67
U096,2024-08-07,1.5,1,108.91,1.63,3.82
U099,2024-08-07,1.5,1,81.79,1.23,2.86
U101,2024-08-07,2.0,1,136.81,2.74,4.1
U105,2024-08-07,2.0,1,88.06,1.76,2.64
U145,2024-08-07,2.0,1,507.11,10.14,15.22
U157,2024-08-07,2.0,1,324.93,6.5,9.75
U172,2024-08-07,2.0,2,206.39,4.13,6.19
U172,2024-08-07,2.0,1,546.09,10.92,16.38
U174,2024-08-07,2.0,1,309.72,6.19,9.3
U188,2024-08-07,2.0,1,526.08,10.52,15.78
U189,2024-08-07,2.0,1,546.82,10.94,16.4
U194,2024-08-07,2.0,1,482.68,9.65,14.48
U208,2024-08-07,2.5,1,331.35,8.28,8.29
U226,2024-08-07,2.5,1,208.73,5.22,5.22
U250,2024-08-07,2.5,1,30.43,0.76,0.76
U258,2024-08-07,2.5,1,242.67,6.07,6.06
U293,2024-08-07,2.5,1,334.08,8.35,8.35
U001,2024-08-08,1.5,1,434.71,6.52,15.22
U005,2024-08-08,1.5,2,389.72,5.85,13.64
U027,2024-08-08,1.5,1,393.13,5.9,13.76
U044,2024-08-08,1.5,1,298.64,4.48,10.45
U045,2024-08-08,1.5,2,341.25,5.12,11.94
U107,2024-08-08,2.0,1,321.0,6.42,9.63
U113,2024-08-08,2.0,1,426.87,8.54,12.8
U125,2024-08-08,2.0,1,167.2,3.34,5.02
U142,2024-08-08,2.0,1,198.11,3.96,5.95
U147,2024-08-08,2.0,1,300.11,6.0,9.01
U152,2024-08-08,2.0,1,474.45,9.49,14.23
U166,2024-08-08,2.0,1,216.68,4.33,6.5
U182,2024-08-08,2.0,1,425.15,8.5,12.76
U192,2024-08-08,2.0,1,432.07,8.64,12.96
U194,2024-08-08,2.0,1,224.47,4.49,6.73
U195,2024-08-08,2.0,2,269.29,5.39,8.07
U197,2024-08-08,2.0,1,242.32,4.85,7.27
U208,2024-08-08,2.5,2,313.17,7.83,7.83
U209,2024-08-08,2.5,1,70.39,1.76,1.76
U213,2024-08-08,2.5,1,322.75,8.07,8.07
U218,2024-08-08,2.5,1,87.96,2.2,2.2
U259,2024-08-08,2.5,2,274.74,6.87,6.87
U268,2024-08-08,2.5,1,323.17,8.08,8.08
U007,2024-08-09,1.5,1,218.48,3.28,7.64
U016,2024-08-09,1.5,2,463.35,6.95,16.22
U042,2024-08-09,1.5,1,265.97,3.99,9.31
U053,2024-08-09,1.5,1,290.6,4.36,10.17
U102,2024-08-09,2.0,1,302.29,6.05,9.06
U104,2024-08-09,2.0,1,489.53,9.79,14.69
U115,2024-08-09,2.0,1,263.11,5.26,7.9
U122,2024-08-09,2.0,1,289.88,5.8,8.69
U130,2024-08-09,2.0,1,460.93,9.22,13.83
U139,2024-08-09,2.0,1,149.57,2.99,4.49
U161,2024-08-09,2.0,1,121.05,2.42,3.63
U182,2024-08-09,2.0,1,236.47,4.73,7.09
U184,2024-08-09,2.0,1,473.23,9.46,14.2
U191,2024-08-09,2.0,1,350.19,7.0,10.51
U218,2024-08-09,2.5,1,313.85,7.85,7.84
U233,2024-08-09,2.5,1,56.19,1.4,1.41
U236,2024-08-09,2.5,1,309.45,7.74,7.73
U241,2024-08-09,2.5,1,80.07,2.0,2.0
U272,2024-08-09,2.5,1,100.57,2.51,2.52
U273,2024-08-09,2.5,1,170.84,4.27,4.27
U290,2024-08-09,2.5,1,232.74,5.82,5.82
U292,2024-08-09,2.5,1,46.09,1.15,1.15
U298,2024-08-09,2.5,1,319.0,7.98,7.97
U035,2024-08-10,1.5,1,457.09,6.86,15.99
U051,2024-08-10,1.5,1,310.7,4.66,10.88
U065,2024-08-10,1.5,1,495.06,7.43,17.32
U108,2024-08-10,2.0,2,149.73,2.99,4.5
U108,2024-08-10,2.0,1,402.71,8.05,12.09
U113,2024-08-10,2.0,1,235.38,4.71,7.06
U116,2024-08-10,2.0,1,174.83,3.5,5.24
U191,2024-08-10,2.0,1,81.86,1.64,2.45
U207,2024-08-10,2.5,1,104.13,2.6,2.61
U261,2024-08-10,2.5,1,163.36,4.08,4.09
U276,2024-08-10,2.5,1,139.47,3.49,3.48
U279,2024-08-10,2.5,1,294.93,7.37,7.38
U012,2024-08-11,1.5,1,426.34,6.4,14.92
U026,2024-08-11,1.5,1,255.84,3.84,8.95
U027,2024-08-11,1.5,1,139.66,2.09,4.89
U039,2024-08-11,1.5,1,233.08,3.5,8.15
U039,2024-08-11,1.5,1,496.08,7.44,17.36
U060,2024-08-11,1.5,2,248.19,3.72,8.69
U064,2024-08-11,1.5,2,490.07,7.35,17.15
U082,2024-08-11,1.5,1,370.82,5.56,12.98
U093,2024-08-11,1.5,1,448.4,6.73,15.69
U106,2024-08-11,2.0,1,413.45,8.27,12.4
U111,2024-08-11,2.0,1,371.82,7.44,11.15
U114,2024-08-11,2.0,1,152.36,3.05,4.57
U121,2024-08-11,2.0,1,152.73,3.05,4.59
U133,2024-08-11,2.0,1,115.82,2.32,3.47
U152,2024-08-11,2.0,1,236.18,4.72,7.09
U167,2024-08-11,2.0,1,385.96,7.72,11.58
U169,2024-08-11,2.0,2,189.19,3.78,5.68
U175,2024-08-11,2.0,1,368.32,7.37,11.05
U199,2024-08-11,2.0,1,382.02,7.64,11.46
U202,2024-08-11,2.5,1,255.24,6.38,6.38
U202,2024-08-11,2.5,1,121.27,3.03,3.03
U208,2024-08-11,2.5,2,117.74,2.94,2.95
U252,2024-08-11,2.5,1,52.59,1.31,1.32
U263,2024-08-11,2.5,2,51.16,1.28,1.28
U267,2024-08-11,2.5,1,101.58,2.54,2.54
U008,2024-08-12,1.5,1,467.4,7.01,16.36
U054,2024-08-12,1.5,1,185.29,2.78,6.48
U060,2024-08-12,1.5,1,299.72,4.5,10.49
U071,2024-08-12,1.5,1,84.7,1.27,2.97
U085,2024-08-12,1.5,1,322.39,4.84,11.28
U091,2024-08-12,1.5,1,65.26,0.98,2.28
U104,2024-08-12,2.0,1,341.17,6.82,10.24
U104,2024-08-12,2.0,1,269.55,5.39,8.09
U126,2024-08-12,2.0,1,333.7,6.67,10.01
U129,2024-08-12,2.0,1,98.29,1.97,2.94
U134,2024-08-12,2.0,1,85.39,1.71,2.56
U135,2024-08-12,2.0,1,371.54,7.43,11.15
U137,2024-08-12,2.0,1,118.55,2.37,3.56
U142,2024-08-12,2.0,2,190.82,3.82,5.72
U142,2024-08-12,2.0,1,377.37,7.55,11.32
U167,2024-08-12,2.0,1,192.15,3.84,5.77
U178,2024-08-12,2.0,1,365.21,7.3,10.96
U192,2024-08-12,2.0,2,171.44,3.43,5.14
U234,2024-08-12,2.5,1,269.25,6.73,6.73
U238,2024-08-12,2.5,1,143.51,3.59,3.59
U259,2024-08-12,2.5,1,253.92,6.35,6.35
U275,2024-08-12,2.5,1,180.97,4.52,4.53
U275,2024-08-12,2.5,1,23.01,0.58,0.57
U293,2024-08-12,2.5,2,155.33,3.88,3.89
U003,2024-08-13,1.5,1,413.79,6.21,14.48
U022,2024-08-13,1.5,1,273.7,4.11,9.57
U033,2024-08-13,1.5,1,95.02,1.43,3.32
U053,2024-08-13,1.5,1,533.48,8.0,18.67
U073,2024-08-13,1.5,2,571.98,8.58,20.02
U086,2024-08-13,1.5,1,160.59,2.41,5.62
U088,2024-08-13,1.5,1,371.75,5.58,13.01
U099,2024-08-13,1.5,1,472.08,7.08,16.52
U102,2024-08-13,2.0,1,422.84,8.46,12.68
U107,2024-08-13,2.0,1,458.81,9.18,13.76
U127,2024-08-13,2.0,1,518.39,10.37,15.55
U143,2024-08-13,2.0,1,214.12,4.28,6.43
U222,2024-08-13,2.5,2,173.31,4.33,4.34
U224,2024-08-13,2.5,2,181.73,4.54,4.55
U226,2024-08-13,2.5,1,22.52,0.56,0.57
U232,2024-08-13,2.5,1,338.2,8.46,8.45
U237,2024-08-13,2.5,1,170.79,4.27,4.27
U240,2024-08-13,2.5,2,204.93,5.12,5.13
U280,2024-08-13,2.5,1,166.19,4.15,4.16
U300,2024-08-13,2.5,1,160.17,4.0,4.01
U011,2024-08-14,1.5,2,401.28,6.02,14.04
U013,2024-08-14,1.5,1,186.16,2.79,6.52
U016,2024-08-14,1.5,1,411.1,6.17,14.39
U032,2024-08-14,1.5,1,190.02,2.85,6.65
U042,2024-08-14,1.5,1,505.15,7.58,17.68
U068,2024-08-14,1.5,1,230.31,3.45,8.07
U072,2024-08-14,1.5,1,407.86,6.12,14.27
U079,2024-08-14,1.5,1,337.6,5.06,11.82
U112,2024-08-14,2.0,1,351.87,7.04,10.55
U114,2024-08-14,2.0,1,500.05,10.0,15.0
U176,2024-08-14,2.0,1,506.59,10.13,15.2
U178,2024-08-14,2.0,1,436.85,8.74,13.1
U189,2024-08-14,2.0,1,375.58,7.51,11.27
U193,2024-08-14,2.0,1,249.52,4.99,7.49
U204,2024-08-14,2.5,1,28.53,0.71,0.72
U214,2024-08-14,2.5,1,144.83,3.62,3.62
U214,2024-08-14,2.5,1,146.9,3.67,3.68
U224,2024-08-14,2.5,1,222.93,5.57,5.58
U240,2024-08-14,2.5,1,148.44,3.71,3.71
U245,2024-08-14,2.5,2,163.76,4.09,4.1
U257,2024-08-14,2.5,1,278.34,6.96,6.96
U260,2024-08-14,2.5,2,62.03,1.55,1.55
U260,2024-08-14,2.5,2,17.62,0.44,0.44
U268,2024-08-14,2.5,1,341.67,8.54,8.54
U269,2024-08-14,2.5,1,102.25,2.56,2.55
U272,2024-08-14,2.5,1,277.32,6.93,6.94
U281,2024-08-14,2.5,1,95.94,2.4,2.4
U298,2024-08-14,2.5,1,95.97,2.4,2.4
U004,2024-08-15,1.5,2,89.16,1.34,3.12
U006,2024-08-15,1.5,2,394.61,5.92,13.81
U022,2024-08-15,1.5,1,375.28,5.63,13.13
U042,2024-08-15,1.5,1,428.67,6.43,15.0
U049,2024-08-15,1.5,1,265.79,3.99,9.3
U071,2024-08-15,1.5,1,458.53,6.88,16.05
U075,2024-08-15,1.5,1,264.81,3.97,9.27
U161,2024-08-15,2.0,1,124.83,2.5,3.74
U191,2024-08-15,2.0,1,215.11,4.3,6.46
U191,2024-08-15,2.0,1,338.5,6.77,10.16
U192,2024-08-15,2.0,2,324.11,6.48,9.73
U210,2024-08-15,2.5,2,70.7,1.77,1.77
U217,2024-08-15,2.5,1,52.8,1.32,1.32
U236,2024-08-15,2.5,1,214.85,5.37,5.37
U256,2024-08-15,2.5,1,23.0,0.58,0.57
U256,2024-08-15,2.5,1,272.34,6.81,6.81
U270,2024-08-15,2.5,2,316.55,7.91,7.92
U041,2024-08-16,1.5,1,115.05,1.73,4.02
U097,2024-08-16,1.5,1,153.24,2.3,5.36
U110,2024-08-16,2.0,1,290.06,5.8,8.7
U118,2024-08-16,2.0,1,242.25,4.84,7.27
U121,2024-08-16,2.0,1,442.73,8.85,13.29
U125,2024-08-16,2.0,1,115.62,2.31,3.47
U139,2024-08-16,2.0,1,117.33,2.35,3.52
U146,2024-08-16,2.0,2,544.57,10.89,16.34
U147,2024-08-16,2.0,1,355.86,7.12,10.67
U149,2024-08-16,2.0,1,438.96,8.78,13.17
U164,2024-08-16,2.0,1,199.8,4.0,5.99
U185,2024-08-16,2.0,1,232.53,4.65,6.98
U201,2024-08-16,2.5,1,115.19,2.88,2.88
U202,2024-08-16,2.5,2,138.81,3.47,3.47
U218,2024-08-16,2.5,1,123.89,3.1,3.09
U228,2024-08-16,2.5,1,322.85,8.07,8.07
U246,2024-08-16,2.5,1,297.1,7.43,7.43
U249,2024-08-16,2.5,1,105.31,2.63,2.64
U255,2024-08-16,2.5,1,326.18,8.15,8.16
U262,2024-08-16,2.5,1,194.94,4.87,4.88
U267,2024-08-16,2.5,1,254.39,6.36,6.36
U279,2024-08-16,2.5,1,31.83,0.8,0.79
U010,2024-08-17,1.5,1,253.99,3.81,8.89
U017,2024-08-17,1.5,1,394.47,5.92,13.8
U030,2024-08-17,1.5,1,418.12,6.27,14.64
U040,2024-08-17,1.5,1,561.69,8.43,19.65
U040,2024-08-17,1.5,2,243.05,3.65,8.5
U061,2024-08-17,1.5,1,571.66,8.57,20.01
U064,2024-08-17,1.5,2,465.81,6.99,16.3
U093,2024-08-17,1.5,1,453.27,6.8,15.86
U141,2024-08-17,2.0,1,156.56,3.13,4.7
U146,2024-08-17,2.0,2,122.69,2.45,3.68
U152,2024-08-17,2.0,1,92.08,1.84,2.76
U155,2024-08-17,2.0,1,483.29,9.67,14.49
U155,2024-08-17,2.0,1,146.97,2.94,4.41
U183,2024-08-17,2.0,2,375.19,7.5,11.26
U187,2024-08-17,2.0,1,378.97,7.58,11.37
U201,2024-08-17,2.5,1,95.18,2.38,2.38
U256,2024-08-17,2.5,2,63.21,1.58,1.58
U282,2024-08-17,2.5,1,180.9,4.52,4.53
U002,2024-08-18,1.5,1,220.95,3.31,7.74
U012,2024-08-18,1.5,1,300.96,4.51,10.54
U043,2024-08-18,1.5,1,277.06,4.16,9.69
U061,2024-08-18,1.5,1,570.47,8.56,19.96
U074,2024-08-18,1.5,1,495.1,7.43,17.33
U103,2024-08-18,2.0,1,141.7,2.83,4.25
U137,2024-08-18,2.0,1,381.73,7.63,11.46
U184,2024-08-18,2.0,1,241.64,4.83,7.25
U185,2024-08-18,2.0,1,463.03,9.26,13.89
U219,2024-08-18,2.5,1,32.49,0.81,0.81
U232,2024-08-18,2.5,1,301.47,7.54,7.53
U237,2024-08-18,2.5,1,70.45,1.76,1.76
U256,2024-08-18,2.5,1,182.68,4.57,4.56
U264,2024-08-18,2.5,1,20.71,0.52,0.52
U275,2024-08-18,2.5,1,61.73,1.54,1.55
U296,2024-08-18,2.5,1,144.68,3.62,3.61
U297,2024-08-18,2.5,1,220.16,5.5,5.51
U017,2024-08-19,1.5,1,476.14,7.14,16.67
U023,2024-08-19,1.5,1,235.45,3.53,8.24
U088,2024-08-19,1.5,1,57.77,0.87,2.02
U090,2024-08-19,1.5,1,282.3,4.23,9.89
U091,2024-08-19,1.5,1,571.68,8.58,20.0
U093,2024-08-19,1.5,1,415.02,6.23,14.52
U099,2024-08-19,1.5,2,141.93,2.13,4.97
U133,2024-08-19,2.0,1,166.29,3.33,4.98
U135,2024-08-19,2.0,1,547.25,10.95,16.41
U147,2024-08-19,2.0,1,398.12,7.96,11.95
U173,2024-08-19,2.0,1,490.19,9.8,14.71
U177,2024-08-19,2.0,1,246.73,4.93,7.41
U182,2024-08-19,2.0,1,450.77,9.02,13.52
U195,2024-08-19,2.0,1,293.3,5.87,8.8
U195,2024-08-19,2.0,1,456.94,9.14,13.71
U228,2024-08-19,2.5,1,177.73,4.44,4.45
U229,2024-08-19,2.5,2,56.92,1.42,1.43
U244,2024-08-19,2.5,1,192.16,4.8,4.81
U246,2024-08-19,2.5,2,40.13,1.0,1.01
U252,2024-08-19,2.5,1,111.62,2.79,2.79
U258,2024-08-19,2.5,1,326.62,8.17,8.16
U285,2024-08-19,2.5,1,181.93,4.55,4.55
U289,2024-08-19,2.5,1,98.45,2.46,2.46
U299,2024-08-19,2.5,1,280.42,7.01,7.01
U300,2024-08-19,2.5,1,269.03,6.73,6.72
U005,2024-08-20,1.5,1,466.43,7.0,16.32
U010,2024-08-20,1.5,1,203.39,3.05,7.12
U020,2024-08-20,1.5,1,311.51,4.67,10.91
U023,2024-08-20,1.5,1,534.48,8.02,18.7
U046,2024-08-20,1.5,1,408.52,6.13,14.3
U062,2024-08-20,1.5,1,300.76,4.51,10.53
U063,2024-08-20,1.5,1,525.88,7.89,18.4
U067,2024-08-20,1.5,1,570.04,8.55,19.95
U067,2024-08-20,1.5,1,348.09,5.22,12.18
U071,2024-08-20,1.5,1,52.44,0.79,1.83
U087,2024-08-20,1.5,1,236.18,3.54,8.27
U108,2024-08-20,2.0,2,518.16,10.36,15.55
U113,2024-08-20,2.0,1,371.88,7.44,11.15
U160,2024-08-20,2.0,1,438.28,8.77,13.14
U160,2024-08-20,2.0,1,509.27,10.19,15.27
U187,2024-08-20,2.0,1,353.08,7.06,10.59
U190,2024-08-20,2.0,1,288.99,5.78,8.67
U198,2024-08-20,2.0,2,181.39,3.63,5.44
U200,2024-08-20,2.0,1,81.41,1.63,2.44
U224,2024-08-20,2.5,1,111.24,2.78,2.78
U234,2024-08-20,2.5,1,187.52,4.69,4.69
U238,2024-08-20,2.5,1,219.58,5.49,5.49
U252,2024-08-20,2.5,1,253.58,6.34,6.34
U254,2024-08-20,2.5,1,203.86,5.1,5.09
U261,2024-08-20,2.5,2,170.95,4.27,4.28
U279,2024-08-20,2.5,1,285.08,7.13,7.12
U019,2024-08-21,1.5,1,236.16,3.54,8.27
U022,2024-08-21,1.5,1,546.09,8.19,19.11
U069,2024-08-21,1.5,1,187.71,2.82,6.57
U077,2024-08-21,1.5,1,441.07,6.62,15.43
U086,2024-08-21,1.5,1,257.42,3.86,9.01
U101,2024-08-21,2.0,1,94.65,1.89,2.84
U103,2024-08-21,2.0,1,349.07,6.98,10.47
U105,2024-08-21,2.0,2,548.34,10.97,16.45
U129,2024-08-21,2.0,1,114.22,2.28,3.43
U135,2024-08-21,2.0,1,198.22,3.96,5.95
U138,2024-08-21,2.0,1,295.91,5.92,8.88
U156,2024-08-21,2.0,1,340.07,6.8,10.2
U176,2024-08-21,2.0,1,390.68,7.81,11.72
U188,2024-08-21,2.0,1,370.8,7.42,11.12
U194,2024-08-21,2.0,1,385.59,7.71,11.57
U219,2024-08-21,2.5,2,146.27,3.66,3.65
U224,2024-08-21,2.5,2,206.18,5.15,5.16
U244,2024-08-21,2.5,1,251.18,6.28,6.28
U252,2024-08-21,2.5,1,208.73,5.22,5.22
U257,2024-08-21,2.5,2,298.94,7.47,7.48
U259,2024-08-21,2.5,1,162.71,4.07,4.07
U275,2024-08-21,2.5,1,121.14,3.03,3.03
U284,2024-08-21,2.5,1,193.18,4.83,4.83
U284,2024-08-21,2.5,2,169.89,4.25,4.24
U293,2024-08-21,2.5,1,247.9,6.2,6.2
U294,2024-08-21,2.5,1,257.45,6.44,6.43
U020,2024-08-22,1.5,1,345.48,5.18,12.09
U035,2024-08-22,1.5,2,417.87,6.27,14.62
U046,2024-08-22,1.5,2,180.93,2.71,6.34
U059,2024-08-22,1.5,1,275.54,4.13,9.65
U099,2024-08-22,1.5,1,265.34,3.98,9.29
U112,2024-08-22,2.0,1,296.97,5.94,8.91
U130,2024-08-22,2.0,1,497.45,9.95,14.92
U147,2024-08-22,2.0,1,288.04,5.76,8.64
U179,2024-08-22,2.0,2,347.87,6.96,10.43
U192,2024-08-22,2.0,1,431.52,8.63,12.95
U203,2024-08-22,2.5,1,71.0,1.78,1.77
U204,2024-08-22,2.5,1,144.21,3.61,3.6
U218,2024-08-22,2.5,1,154.68,3.87,3.86
U223,2024-08-22,2.5,1,192.94,4.82,4.83
U231,2024-08-22,2.5,1,240.38,6.01,6.01
U243,2024-08-22,2.5,1,284.6,7.12,7.11
U244,2024-08-22,2.5,1,138.22,3.46,3.45
U282,2024-08-22,2.5,1,94.54,2.36,2.37
U297,2024-08-22,2.5,2,120.9,3.02,3.03
U007,2024-08-23,1.5,1,568.34,8.53,19.89
U029,2024-08-23,1.5,1,145.89,2.19,5.1
U037,2024-08-23,1.5,1,579.58,8.69,20.29
U083,2024-08-23,1.5,1,129.77,1.95,4.54
U096,2024-08-23,1.5,1,116.67,1.75,4.08
U156,2024-08-23,2.0,1,463.16,9.26,13.9
U171,2024-08-23,2.0,2,148.88,2.98,4.46
U171,2024-08-23,2.0,1,162.19,3.24,4.87
U188,2024-08-23,2.0,1,124.84,2.5,3.74
U198,2024-08-23,2.0,2,511.15,10.22,15.34
U204,2024-08-23,2.5,1,252.29,6.31,6.3
U208,2024-08-23,2.5,1,109.17,2.73,2.73
U210,2024-08-23,2.5,2,119.09,2.98,2.97
U233,2024-08-23,2.5,1,115.52,2.89,2.89
U234,2024-08-23,2.5,1,323.98,8.1,8.1
U237,2024-08-23,2.5,1,45.22,1.13,1.13
U248,2024-08-23,2.5,1,329.74,8.24,8.25
U254,2024-08-23,2.5,2,240.43,6.01,6.01
U279,2024-08-23,2.5,1,57.68,1.44,1.44
U287,2024-08-23,2.5,1,285.84,7.15,7.14
U288,2024-08-23,2.5,1,121.97,3.05,3.05
U293,2024-08-23,2.5,1,80.45,2.01,2.01
U021,2024-08-24,1.5,1,328.77,4.93,11.51
U022,2024-08-24,1.5,1,65.53,0.98,2.3
U040,2024-08-24,1.5,1,423.93,6.36,14.84
U054,2024-08-24,1.5,2,119.62,1.79,4.19
U066,2024-08-24,1.5,1,322.99,4.84,11.31
U077,2024-08-24,1.5,1,83.57,1.25,2.93
U085,2024-08-24,1.5,1,588.37,8.83,20.59
U088,2024-08-24,1.5,1,183.75,2.76,6.43
U104,2024-08-24,2.0,2,336.92,6.74,10.11
U109,2024-08-24,2.0,1,370.33,7.41,11.11
U114,2024-08-24,2.0,1,124.96,2.5,3.75
U140,2024-08-24,2.0,1,225.25,4.5,6.76
U146,2024-08-24,2.0,1,454.49,9.09,13.63
U146,2024-08-24,2.0,1,506.48,10.13,15.19
U168,2024-08-24,2.0,1,116.36,2.33,3.49
U173,2024-08-24,2.0,1,355.02,7.1,10.65
U173,2024-08-24,2.0,1,90.52,1.81,2.72
U177,2024-08-24,2.0,1,289.98,5.8,8.7
U177,2024-08-24,2.0,1,434.89,8.7,13.04
U180,2024-08-24,2.0,1,192.6,3.85,5.78
U188,2024-08-24,2.0,1,401.15,8.02,12.04
U196,2024-08-24,2.0,2,112.77,2.26,3.38
U198,2024-08-24,2.0,1,408.58,8.17,12.26
U204,2024-08-24,2.5,1,296.26,7.41,7.4
U213,2024-08-24,2.5,2,319.23,7.98,7.98
U245,2024-08-24,2.5,2,326.33,8.16,8.16
U246,2024-08-24,2.5,1,58.24,1.46,1.45
U250,2024-08-24,2.5,1,200.85,5.02,5.02
U258,2024-08-24,2.5,2,60.87,1.52,1.52
U268,2024-08-24,2.5,2,23.78,0.59,0.6
U272,2024-08-24,2.5,1,342.21,8.56,8.55
U283,2024-08-24,2.5,1,164.02,4.1,4.1
U284,2024-08-24,2.5,1,328.0,8.2,8.2
U003,2024-08-25,1.5,1,565.19,8.48,19.78
U006,2024-08-25,1.5,1,331.17,4.97,11.59
U034,2024-08-25,1.5,1,192.6,2.89,6.74
U036,2024-08-25,1.5,1,74.77,1.12,2.62
U037,2024-08-25,1.5,1,244.78,3.67,8.57
U055,2024-08-25,1.5,2,243.51,3.65,8.53
U069,2024-08-25,1.5,2,84.92,1.27,2.98
U093,2024-08-25,1.5,1,371.5,5.57,13.0
U113,2024-08-25,2.0,2,294.96,5.9,8.85
U126,2024-08-25,2.0,1,349.78,7.0,10.49
U134,2024-08-25,2.0,1,266.31,5.33,7.99
U139,2024-08-25,2.0,2,164.92,3.3,4.95
U141,2024-08-25,2.0,1,108.27,2.17,3.24
U162,2024-08-25,2.0,1,117.02,2.34,3.51
U168,2024-08-25,2.0,1,426.82,8.54,12.8
U170,2024-08-25,2.0,1,286.24,5.72,8.59
U207,2024-08-25,2.5,1,237.04,5.93,5.92
U211,2024-08-25,2.5,1,176.39,4.41,4.41
U223,2024-08-25,2.5,1,247.79,6.19,6.2
U224,2024-08-25,2.5,1,270.98,6.77,6.78
U234,2024-08-25,2.5,1,81.52,2.04,2.04
U281,2024-08-25,2.5,1,214.74,5.37,5.37
U022,2024-08-26,1.5,1,99.58,1.49,3.49
U026,2024-08-26,1.5,1,275.23,4.13,9.63
U063,2024-08-26,1.5,1,238.01,3.57,8.33
U077,2024-08-26,1.5,1,203.3,3.05,7.12
U079,2024-08-26,1.5,1,385.59,5.78,13.5
U100,2024-08-26,1.5,1,194.78,2.92,6.82
U117,2024-08-26,2.0,1,237.09,4.74,7.11
U125,2024-08-26,2.0,1,415.4,8.31,12.46
U130,2024-08-26,2.0,2,142.9,2.86,4.29
U144,2024-08-26,2.0,1,510.36,10.21,15.31
U174,2024-08-26,2.0,1,327.34,6.55,9.82
U175,2024-08-26,2.0,2,240.38,4.81,7.21
U178,2024-08-26,2.0,1,353.68,7.07,10.61
U180,2024-08-26,2.0,1,138.13,2.76,4.15
U201,2024-08-26,2.5,1,100.07,2.5,2.5
U210,2024-08-26,2.5,2,225.3,5.63,5.64
U214,2024-08-26,2.5,1,227.29,5.68,5.68
U215,2024-08-26,2.5,1,52.99,1.32,1.33
U244,2024-08-26,2.5,1,36.72,0.92,0.92
U258,2024-08-26,2.5,1,314.24,7.86,7.85
U001,2024-08-27,1.5,2,540.36,8.11,18.91
U007,2024-08-27,1.5,1,378.76,5.68,13.26
U008,2024-08-27,1.5,1,174.42,2.62,6.1
U023,2024-08-27,1.5,2,546.62,8.2,19.13
U028,2024-08-27,1.5,1,489.12,7.34,17.12
U047,2024-08-27,1.5,1,455.08,6.83,15.92
U070,2024-08-27,1.5,1,55.93,0.84,1.96
U072,2024-08-27,1.5,1,534.64,8.02,18.71
U126,2024-08-27,2.0,1,428.12,8.56,12.85
U181,2024-08-27,2.0,1,427.23,8.54,12.82
U183,2024-08-27,2.0,1,271.27,5.43,8.13
U191,2024-08-27,2.0,1,167.44,3.35,5.02
U213,2024-08-27,2.5,1,218.75,5.47,5.47
U237,2024-08-27,2.5,2,264.37,6.61,6.61
U238,2024-08-27,2.5,1,17.81,0.45,0.44
U265,2024-08-27,2.5,1,177.72,4.44,4.45
U268,2024-08-27,2.5,1,281.37,7.03,7.04
U003,2024-08-28,1.5,2,322.18,4.83,11.28
U007,2024-08-28,1.5,1,75.55,1.13,2.65
U019,2024-08-28,1.5,2,569.93,8.55,19.95
U028,2024-08-28,1.5,1,237.58,3.56,8.32
U068,2024-08-28,1.5,1,393.1,5.9,13.76
U089,2024-08-28,1.5,1,138.84,2.08,4.86
U094,2024-08-28,1.5,1,428.4,6.43,14.99
U095,2024-08-28,1.5,2,81.12,1.22,2.84
U126,2024-08-28,2.0,1,508.34,10.17,15.25
U138,2024-08-28,2.0,1,518.67,10.37,15.56
U147,2024-08-28,2.0,2,532.13,10.64,15.97
U155,2024-08-28,2.0,1,225.24,4.5,6.76
U178,2024-08-28,2.0,2,490.12,9.8,14.71
U204,2024-08-28,2.5,2,80.36,2.01,2.01
U232,2024-08-28,2.5,1,301.81,7.55,7.54
U239,2024-08-28,2.5,1,137.53,3.44,3.44
U257,2024-08-28,2.5,2,60.99,1.52,1.53
U260,2024-08-28,2.5,1,219.13,5.48,5.48
U264,2024-08-28,2.5,1,36.96,0.92,0.93
U280,2024-08-28,2.5,1,339.45,8.49,8.48
U281,2024-08-28,2.5,1,241.81,6.05,6.04
U281,2024-08-28,2.5,1,116.0,2.9,2.9
U282,2024-08-28,2.5,1,28.19,0.7,0.71
U003,2024-08-29,1.5,1,268.0,4.02,9.38
U051,2024-08-29,1.5,1,51.37,0.77,1.8
U051,2024-08-29,1.5,1,569.74,8.55,19.94
U060,2024-08-29,1.5,1,494.04,7.41,17.29
U079,2024-08-29,1.5,1,427.83,6.42,14.97
U086,2024-08-29,1.5,1,88.39,1.33,3.09
U109,2024-08-29,2.0,1,273.05,5.46,8.19
U136,2024-08-29,2.0,1,289.73,5.79,8.7
U164,2024-08-29,2.0,1,513.46,10.27,15.4
U167,2024-08-29,2.0,1,268.04,5.36,8.04
U178,2024-08-29,2.0,1,497.9,9.96,14.93
U188,2024-08-29,2.0,2,313.79,6.28,9.41
U211,2024-08-29,2.5,1,182.73,4.57,4.57
U214,2024-08-29,2.5,1,70.77,1.77,1.77
U219,2024-08-29,2.5,1,268.08,6.7,6.7
U223,2024-08-29,2.5,1,213.1,5.33,5.33
U243,2024-08-29,2.5,1,180.57,4.51,4.52
U263,2024-08-29,2.5,1,236.31,5.91,5.91
U280,2024-08-29,2.5,1,186.41,4.66,4.66
U007,2024-08-30,1.5,1,103.61,1.55,3.63
U008,2024-08-30,1.5,1,503.13,7.55,17.61
U092,2024-08-30,1.5,1,450.91,6.76,15.79
U096,2024-08-30,1.5,1,55.29,0.83,1.93
U113,2024-08-30,2.0,1,124.08,2.48,3.72
U120,2024-08-30,2.0,1,453.26,9.07,13.59
U133,2024-08-30,2.0,1,285.12,5.7,8.56
U140,2024-08-30,2.0,1,538.74,10.77,16.17
U145,2024-08-30,2.0,1,155.56,3.11,4.67
U149,2024-08-30,2.0,1,334.66,6.69,10.04
U152,2024-08-30,2.0,1,176.92,3.54,5.31
U164,2024-08-30,2.0,1,339.24,6.78,10.18
U172,2024-08-30,2.0,1,325.11,6.5,9.76
U180,2024-08-30,2.0,1,478.34,9.57,14.35
U224,2024-08-30,2.5,1,128.94,3.22,3.23
U232,2024-08-30,2.5,2,309.23,7.73,7.73
U234,2024-08-30,2.5,1,218.69,5.47,5.46
U244,2024-08-30,2.5,2,280.07,7.0,7.0
U244,2024-08-30,2.5,2,40.53,1.01,1.02
U254,2024-08-30,2.5,1,100.38,2.51,2.51
U254,2024-08-30,2.5,1,305.18,7.63,7.63
U256,2024-08-30,2.5,1,255.27,6.38,6.38
U281,2024-08-30,2.5,1,347.89,8.7,8.69
U002,2024-08-31,1.5,1,382.67,5.74,13.39
U004,2024-08-31,1.5,2,566.32,8.49,19.83
U006,2024-08-31,1.5,1,381.27,5.72,13.34
U006,2024-08-31,1.5,1,224.05,3.36,7.84
U052,2024-08-31,1.5,2,248.61,3.73,8.7
U060,2024-08-31,1.5,1,254.29,3.81,8.9
U063,2024-08-31,1.5,2,580.44,8.71,20.31
U068,2024-08-31,1.5,1,506.06,7.59,17.71
U070,2024-08-31,1.5,1,562.37,8.44,19.68
U085,2024-08-31,1.5,1,375.23,5.63,13.13
U088,2024-08-31,1.5,2,435.24,6.53,15.23
U090,2024-08-31,1.5,1,166.91,2.5,5.85
U117,2024-08-31,2.0,1,85.79,1.72,2.57
U158,2024-08-31,2.0,1,372.49,7.45,11.17
U170,2024-08-31,2.0,1,487.5,9.75,14.62
U179,2024-08-31,2.0,1,177.31,3.55,5.32
U181,2024-08-31,2.0,1,247.0,4.94,7.41
U184,2024-08-31,2.0,1,203.06,4.06,6.09
U191,2024-08-31,2.0,1,94.4,1.89,2.83
U193,2024-08-31,2.0,1,376.01,7.52,11.28
U196,2024-08-31,2.0,1,299.65,5.99,8.99
U210,2024-08-31,2.5,1,297.82,7.45,7.44
U227,2024-08-31,2.5,1,86.45,2.16,2.16
U232,2024-08-31,2.5,1,144.46,3.61,3.61
U236,2024-08-31,2.5,1,343.33,8.58,8.59
U236,2024-08-31,2.5,1,100.71,2.52,2.52
U240,2024-08-31,2.5,1,147.66,3.69,3.69
U243,2024-08-31,2.5,1,50.33,1.26,1.26
U281,2024-08-31,2.5,1,127.45,3.19,3.18
U287,2024-08-31,2.5,1,118.48,2.96,2.96
U292,2024-08-31,2.5,2,62.44,1.56,1.56
U294,2024-08-31,2.5,1,141.61,3.54,3.54
